-- phpMyAdmin SQL Dump
-- version 4.7.3
-- https://www.phpmyadmin.net/
--
-- Host: localhost:3306
-- Generation Time: Jul 30, 2019 at 07:40 AM
-- Server version: 5.6.36-82.1-log
-- PHP Version: 5.6.30

SET SQL_MODE = "NO_AUTO_VALUE_ON_ZERO";
SET AUTOCOMMIT = 0;
START TRANSACTION;
SET time_zone = "+00:00";


/*!40101 SET @OLD_CHARACTER_SET_CLIENT=@@CHARACTER_SET_CLIENT */;
/*!40101 SET @OLD_CHARACTER_SET_RESULTS=@@CHARACTER_SET_RESULTS */;
/*!40101 SET @OLD_COLLATION_CONNECTION=@@COLLATION_CONNECTION */;
/*!40101 SET NAMES utf8mb4 */;

--
-- Database: `franc906_bklic`
--

-- --------------------------------------------------------

--
-- Table structure for table `affiliate_category`
--

CREATE TABLE `affiliate_category` (
  `id` int(10) NOT NULL,
  `title` varchar(200) DEFAULT NULL,
  `parent_id` int(10) DEFAULT NULL,
  `created_at` datetime NOT NULL,
  `updated_at` datetime NOT NULL
) ENGINE=InnoDB DEFAULT CHARSET=latin1;

--
-- Dumping data for table `affiliate_category`
--

INSERT INTO `affiliate_category` (`id`, `title`, `parent_id`, `created_at`, `updated_at`) VALUES
(5, 'Ristorante', 0, '2019-05-09 14:29:04', '2019-06-06 10:16:57'),
(6, 'Pasticceria', 0, '2019-05-09 14:29:17', '2019-05-09 14:29:17'),
(7, 'Pizzeria', 5, '2019-05-09 14:29:38', '2019-05-09 14:29:38'),
(8, 'Hamburgeria', 5, '2019-05-09 14:30:04', '2019-05-09 14:30:04'),
(11, 'Pasticceria1', 6, '2019-06-20 17:19:20', '2019-07-17 13:40:26'),
(12, 'Barbiere', 0, '2019-06-20 17:19:36', '2019-06-20 17:19:36'),
(14, 'Coffee', 5, '2019-07-17 11:40:07', '2019-07-17 12:26:04');

-- --------------------------------------------------------

--
-- Table structure for table `billing_detail`
--

CREATE TABLE `billing_detail` (
  `id` int(20) NOT NULL,
  `user_id` int(10) DEFAULT NULL,
  `checkout_id` int(10) DEFAULT NULL,
  `paid_id` int(30) DEFAULT NULL,
  `name` varchar(200) DEFAULT NULL,
  `email` varchar(100) DEFAULT NULL,
  `address` varchar(250) DEFAULT NULL,
  `city` varchar(100) DEFAULT NULL,
  `state` varchar(100) DEFAULT NULL,
  `zip` varchar(30) DEFAULT NULL,
  `created_at` datetime NOT NULL,
  `updated_at` datetime NOT NULL
) ENGINE=InnoDB DEFAULT CHARSET=latin1;

--
-- Dumping data for table `billing_detail`
--

INSERT INTO `billing_detail` (`id`, `user_id`, `checkout_id`, `paid_id`, `name`, `email`, `address`, `city`, `state`, `zip`, `created_at`, `updated_at`) VALUES
(8, 89, 8, 21, 'Francesco Gaetarelli', 'francesco.g@komete.it', 'via Trieste 16', 'Brescia', 'Brescia', '25121', '2019-07-03 20:16:09', '2019-07-03 20:16:09'),
(9, 89, 9, 22, 'Francesco Gaetarelli', 'francesco.g@komete.it', 'via Trieste 16', 'Brescia', 'Brescia', '25121', '2019-07-03 20:24:01', '2019-07-03 20:24:01'),
(11, 90, 11, 26, 'Matteo Lucci', 'matteolucci@yopmail.com', 'Veneto', 'Brescia ', 'Italia', '25112', '2019-07-04 10:28:51', '2019-07-04 10:28:51'),
(16, 87, 16, 32, 'Riccardo De Peppo Cocco ', 'riccardodpc@yopmail.com', 'Via Trento', 'Brescia', 'Italia', '25112', '2019-07-04 11:05:41', '2019-07-04 11:05:41'),
(17, 93, 17, 33, 'mukesh bisht', 'mukeshbisht@yopmail.com', 'NCR', 'Noida', 'UP', '201520', '2019-07-04 11:58:35', '2019-07-04 11:58:35'),
(18, 89, 18, 34, 'Francesco Gaetarelli', 'francesco.g@komete.it', 'via Trieste 16', 'Brescia', 'Brescia', '25121', '2019-07-04 13:41:59', '2019-07-04 13:41:59'),
(19, 87, 19, 64, 'Riccardo De Peppo Cocco', 'riccardodpc@yopmail.com', 'Via Trento', 'Brescia', 'Italia', '25112', '2019-07-08 14:36:26', '2019-07-08 14:36:26'),
(20, 33, 20, 69, 'sdcasdcsda', 'riccardo.t@komete.it', 'sdgadgasdgad', 'dfbdsbdsfbsfbdfs', 'df', '2134312412', '2019-07-08 16:56:54', '2019-07-08 16:56:54'),
(22, 120, 22, 82, 'Riccardo Geta', 'riccardogeta@yopmail.com', 'Via Trento', 'Brescia', 'Italia', '25112', '2019-07-09 13:23:01', '2019-07-09 13:23:01'),
(23, 121, 23, 83, 'Andrea Barbi', 'andreabarbi@yopmail.com', 'Via Trento', 'Brescia', 'Italia', '25112', '2019-07-09 13:31:07', '2019-07-09 13:31:07'),
(24, 39, 24, 86, 'Riccardo De Peppo Cocco', 'riccardodpc@gmail.com', 'Via Trento', 'Brescia', 'Italia', '25112', '2019-07-09 13:54:24', '2019-07-09 13:54:24'),
(25, 123, 25, 91, 'Sofia', 'Sofia@yopmail.com', 'delhi', 'delhi', 'delhi', '110056', '2019-07-09 15:19:50', '2019-07-09 15:19:50'),
(26, 124, 26, 92, 'Giulia', 'Giulia@yopmail.com', 'delhi', 'delhi', 'delhi', '556520', '2019-07-09 16:17:02', '2019-07-09 16:17:02'),
(27, 125, 27, 94, 'mukesh', 'mukeshbisht98@gmail.com', 'delhi', 'delhi', 'delhi', '110065', '2019-07-10 08:12:10', '2019-07-10 08:12:10'),
(28, 126, 28, 100, 'sanjay', 'mukeshbisht98@yopmail.com', 'delhi', 'delhi', 'delhi', '268952', '2019-07-10 09:04:52', '2019-07-10 09:04:52'),
(29, 127, 29, 102, 'sanjay K', 'mukeshbisht98@yopmail.com', 'delhi', 'delhi', 'delhi', '268952', '2019-07-10 09:18:12', '2019-07-10 09:18:12'),
(30, 128, 30, 103, 'mukesh', 'mukeshbisht98@yopmail.com', 'delhi', 'delhi', 'delhi', '268952', '2019-07-10 09:33:02', '2019-07-10 09:33:02'),
(37, 131, 37, 116, 'vipin', 'vipin@yopmail.com', 'delhi', 'delhi', 'delhi', 'delhi', '2019-07-11 07:32:54', '2019-07-11 07:32:54'),
(38, 139, 38, 121, 'Paolo Frassine', 'paolofrassine@yopmail.com', 'Via Trento', 'Italia', 'Italia', '25112', '2019-07-11 10:04:20', '2019-07-11 10:04:20'),
(39, 147, 39, 133, 'Alessandro Peli', 'alessandropeli@yopmail.com', 'Via Trento', 'Brescia', 'Italia', '25112', '2019-07-11 14:59:27', '2019-07-11 14:59:27'),
(40, 154, 40, 166, 'Berto', 'berto123@yopmail.com', 'Teston Road, Maple, ON, CanadaMaple, ON, Canada', 'Maple', 'Canada', '67676', '2019-07-16 11:45:41', '2019-07-16 11:45:41'),
(41, 154, 41, 167, 'Sussan', 'berto123@yopmail.com', 'Piazza Testaccio, Rome, Metropolitan City of Rome, ItalyRoma, Lazio, Italy00153, ', 'Roma', 'Italy', '00153', '2019-07-16 12:13:59', '2019-07-16 12:13:59'),
(42, 155, 42, 168, 'Albertoo', 'aberto123@yopmail.com', 'Teston Road, Maple, ON, CanadaMaple, ON, Canada', 'Maple', 'Canada', 'NE36 0BG', '2019-07-16 14:18:54', '2019-07-16 14:18:54'),
(43, 157, 43, 169, 'Cathrin jone', 'catheri@yopmail.com', 'Teston Road, Maple, ON, CanadaMaple, ON, Canada', 'Maple', 'Canada', '76677', '2019-07-17 08:44:29', '2019-07-17 08:44:29'),
(44, 158, 44, 170, 'Alessandro Lucci', 'alessandrolucci@yopmail.com', 'Concesio, BS, ItaliaConcesio, Lombardia, Italia25062, ', 'Concesio', 'Italia', '25062', '2019-07-17 09:52:43', '2019-07-17 09:52:43'),
(45, 159, 45, 171, 'Cathy Jonas', 'cathi1234@yopmail.com', 'Teston Road, Maple, ON, CanadaMaple, ON, Canada', 'Maple', 'Canada', '33322', '2019-07-17 10:08:07', '2019-07-17 10:08:07'),
(46, 160, 46, 172, 'cathy taylor', 'cathi12345@yopmail.com', 'Teston Road, Maple, ON, CanadaMaple, ON, Canada', 'Maple', 'Canada', '56454', '2019-07-17 10:11:59', '2019-07-17 10:11:59');

-- --------------------------------------------------------

--
-- Table structure for table `bonus_management`
--

CREATE TABLE `bonus_management` (
  `id` int(10) NOT NULL,
  `user_id` int(90) DEFAULT NULL,
  `promoter_percentage` varchar(20) DEFAULT NULL,
  `bklic_profit` varchar(10) DEFAULT NULL,
  `date_apply` datetime DEFAULT NULL,
  `created_at` datetime DEFAULT NULL,
  `updated_at` datetime DEFAULT NULL
) ENGINE=InnoDB DEFAULT CHARSET=latin1;

--
-- Dumping data for table `bonus_management`
--

INSERT INTO `bonus_management` (`id`, `user_id`, `promoter_percentage`, `bklic_profit`, `date_apply`, `created_at`, `updated_at`) VALUES
(2, 11, '0.5', '100', NULL, '2019-05-20 08:56:43', '2019-05-20 08:58:26'),
(3, 51, '4', '300', NULL, '2019-05-20 17:02:15', '2019-05-20 17:02:15'),
(4, 50, '0.005', '13', NULL, '2019-05-20 17:02:49', '2019-05-20 17:02:49');

-- --------------------------------------------------------

--
-- Table structure for table `calendar_management`
--

CREATE TABLE `calendar_management` (
  `id` int(10) NOT NULL,
  `title` varchar(250) DEFAULT NULL,
  `description` text,
  `image` text,
  `start_time` datetime NOT NULL,
  `end_time` datetime NOT NULL,
  `created_at` datetime NOT NULL,
  `updated_at` datetime NOT NULL
) ENGINE=InnoDB DEFAULT CHARSET=latin1;

--
-- Dumping data for table `calendar_management`
--

INSERT INTO `calendar_management` (`id`, `title`, `description`, `image`, `start_time`, `end_time`, `created_at`, `updated_at`) VALUES
(2, 'AUGURI DI BUONA PASQUA', '<p>Amate la vita e aprite il cuore alle persone che vi amano</p>', '1561550874.jpg', '2019-06-27 21:00:00', '2019-06-27 23:00:00', '2019-06-26 12:07:54', '2019-06-26 12:07:54'),
(3, 'INNAMORATEVI DELL’AMORE', '<p>Anteponete a tutto l&#39;Amore</p>', '1561550924.jpg', '2019-06-29 17:38:00', '2019-06-29 17:38:00', '2019-06-26 12:08:44', '2019-06-26 12:08:44'),
(4, 'BUONA FINE E UN INCREDIBILE INIZIO 2019', '', '1561550968.jpg', '2019-07-01 17:39:00', '2019-07-02 22:00:00', '2019-06-26 12:09:28', '2019-06-26 12:09:28'),
(5, 'Aggiornamenti per i PROMOTER', '', '1561551253.jpg', '2019-07-04 17:44:00', '2019-07-05 20:00:00', '2019-06-26 12:14:13', '2019-06-26 12:14:13'),
(6, 'IMPORTANTE per i PROMOTER', '', '1561551298.jpg', '2019-07-08 19:00:00', '2019-07-09 17:44:00', '2019-06-26 12:14:58', '2019-06-26 12:14:58'),
(7, 'Jack Ma Yun, risorse e opportunità del nuovo millennio', 'Da una recente intervista fatta al fondatore di AliBaba, Jack Ma Yun, abbiamo eviscerato i suoi principali punti di forza', '1561551337.jpg', '2019-07-10 17:45:00', '2019-06-11 17:45:00', '2019-06-26 12:15:37', '2019-06-26 12:15:37'),
(8, 'Lo scopo della vita non è vincere', 'Lo scopo della vita non è vincere. Lo scopo della vita è crescere e condividere.', '1561551389.jpg', '2019-07-14 17:46:00', '2019-07-14 17:46:00', '2019-06-26 12:16:29', '2019-06-26 12:16:29'),
(9, 'Finalmente è arrivato quello che tutti aspettavano', '<p>Nella prestigiosa cornice dell&#39;8+Hotel a Lecce, il 21 Settembre 2017 alle ore 19:00, diamo il via ufficiale al progetto Bklic.</p>', '1561551426.jpg', '2019-07-17 17:46:00', '2019-07-17 17:47:00', '2019-06-26 12:17:06', '2019-06-26 12:17:06'),
(10, 'aaaaaaaaa', '<p>ssddciqwgeyhsuqwgyhjizefw</p>', '1563292219.jpg', '2019-07-20 21:00:00', '2019-07-20 23:00:00', '2019-07-16 15:50:19', '2019-07-16 15:50:19');

-- --------------------------------------------------------

--
-- Table structure for table `checkout`
--

CREATE TABLE `checkout` (
  `id` int(10) NOT NULL,
  `user_id` int(10) DEFAULT NULL,
  `parent_id` int(20) DEFAULT NULL,
  `paid_id` int(50) DEFAULT NULL,
  `card_status` varchar(2) DEFAULT NULL COMMENT '[0]=>''D'',[1]=>''A''',
  `created_at` datetime NOT NULL,
  `updated_at` datetime NOT NULL
) ENGINE=InnoDB DEFAULT CHARSET=latin1;

--
-- Dumping data for table `checkout`
--

INSERT INTO `checkout` (`id`, `user_id`, `parent_id`, `paid_id`, `card_status`, `created_at`, `updated_at`) VALUES
(8, 89, 88, 21, '1', '2019-07-03 20:16:09', '2019-07-03 20:16:09'),
(9, 89, 88, 22, '1', '2019-07-03 20:24:01', '2019-07-03 20:24:01'),
(10, 81, 14, 25, '1', '2019-07-04 10:22:33', '2019-07-04 10:22:33'),
(11, 90, 11, 26, '1', '2019-07-04 10:28:51', '2019-07-04 10:28:51'),
(15, 92, 14, 31, '1', '2019-07-04 10:43:43', '2019-07-04 10:43:43'),
(16, 87, 91, 32, '1', '2019-07-04 11:05:41', '2019-07-04 11:05:41'),
(17, 93, 91, 33, '1', '2019-07-04 11:58:35', '2019-07-04 11:58:35'),
(18, 89, 90, 34, '1', '2019-07-04 13:41:59', '2019-07-04 13:41:59'),
(19, 87, 104, 64, '1', '2019-07-08 14:36:26', '2019-07-08 14:36:26'),
(20, 33, 105, 69, '1', '2019-07-08 16:56:54', '2019-07-08 16:56:54'),
(22, 120, 105, 82, '1', '2019-07-09 13:23:01', '2019-07-09 13:23:01'),
(23, 121, 98, 83, '1', '2019-07-09 13:31:07', '2019-07-09 13:31:07'),
(24, 39, 105, 86, '1', '2019-07-09 13:54:24', '2019-07-09 13:54:24'),
(25, 123, 59, 91, '1', '2019-07-09 15:19:50', '2019-07-09 15:19:50'),
(26, 124, 117, 92, '1', '2019-07-09 16:17:02', '2019-07-09 16:17:02'),
(27, 125, 90, 94, '1', '2019-07-10 08:12:10', '2019-07-10 08:12:10'),
(28, 126, 59, 100, '1', '2019-07-10 09:04:52', '2019-07-10 09:04:52'),
(29, 127, 39, 102, '1', '2019-07-10 09:18:12', '2019-07-10 09:18:12'),
(30, 128, 20, 103, '1', '2019-07-10 09:33:02', '2019-07-10 09:33:02'),
(37, 131, 11, 116, '1', '2019-07-11 07:32:54', '2019-07-11 07:32:54'),
(38, 139, 105, 121, '1', '2019-07-11 10:04:20', '2019-07-11 10:04:20'),
(39, 147, 91, 133, '1', '2019-07-11 14:59:27', '2019-07-11 14:59:27'),
(40, 154, 135, 166, '1', '2019-07-16 11:45:41', '2019-07-16 11:45:41'),
(41, 154, 136, 167, '1', '2019-07-16 12:13:59', '2019-07-16 12:13:59'),
(42, 155, 141, 168, '1', '2019-07-16 14:18:54', '2019-07-16 14:18:54'),
(43, 157, 141, 169, '1', '2019-07-17 08:44:29', '2019-07-17 08:44:29'),
(44, 158, 98, 170, '1', '2019-07-17 09:52:43', '2019-07-17 09:52:43'),
(45, 159, 143, 171, '1', '2019-07-17 10:08:07', '2019-07-17 10:08:07'),
(46, 160, 88, 172, '1', '2019-07-17 10:11:59', '2019-07-17 10:11:59');

-- --------------------------------------------------------

--
-- Table structure for table `cms_pages`
--

CREATE TABLE `cms_pages` (
  `id` int(10) NOT NULL,
  `page_title` varchar(20) DEFAULT NULL,
  `description` text,
  `status` varchar(2) DEFAULT NULL,
  `created_at` datetime NOT NULL,
  `updated_at` datetime NOT NULL
) ENGINE=InnoDB DEFAULT CHARSET=latin1;

--
-- Dumping data for table `cms_pages`
--

INSERT INTO `cms_pages` (`id`, `page_title`, `description`, `status`, `created_at`, `updated_at`) VALUES
(5, 'sdfsdfsda', '<p>sfdsafsdafa</p>', '1', '2019-04-16 12:34:20', '2019-04-16 12:34:20');

-- --------------------------------------------------------

--
-- Table structure for table `commission`
--

CREATE TABLE `commission` (
  `id` int(90) NOT NULL,
  `user_id` int(50) NOT NULL,
  `comission_by_userId` int(50) DEFAULT NULL,
  `commission_point` varchar(20) NOT NULL,
  `commission_level` varchar(4) DEFAULT NULL,
  `total_wallet_point` float DEFAULT NULL,
  `compv_expired` int(3) NOT NULL COMMENT '[0]=>''N'',[1]=>''Y''',
  `paid_id` int(10) DEFAULT NULL,
  `created_at` datetime NOT NULL,
  `updated_at` datetime NOT NULL
) ENGINE=InnoDB DEFAULT CHARSET=latin1;

--
-- Dumping data for table `commission`
--

INSERT INTO `commission` (`id`, `user_id`, `comission_by_userId`, `commission_point`, `commission_level`, `total_wallet_point`, `compv_expired`, `paid_id`, `created_at`, `updated_at`) VALUES
(19, 11, 19, '7.2', '3', 0, 0, 18, '2019-06-20 11:25:25', '2019-06-21 11:30:00'),
(20, 88, 88, '0.25', '1', NULL, 0, 21, '2019-07-03 20:16:09', '2019-07-03 20:16:09'),
(21, 88, 88, '0.5', '1', NULL, 0, 22, '2019-07-03 20:24:01', '2019-07-03 20:24:01'),
(23, 11, 90, '15', '1', NULL, 0, 24, '2019-07-04 10:00:42', '2019-07-04 10:00:42'),
(24, 91, 91, '2.5', '1', NULL, 0, 33, '2019-07-04 11:58:35', '2019-07-04 11:58:35'),
(25, 90, 91, '2.5', '2', NULL, 0, 33, '2019-07-04 11:58:35', '2019-07-04 11:58:35'),
(26, 11, 90, '1.2', '3', NULL, 0, 33, '2019-07-04 11:58:35', '2019-07-04 11:58:35'),
(27, 90, 94, '15', '1', NULL, 0, 35, '2019-07-04 14:27:07', '2019-07-04 14:27:07'),
(28, 11, 90, '7.5', '2', NULL, 0, 35, '2019-07-04 14:27:07', '2019-07-04 14:27:07'),
(29, 90, 91, '15', '1', NULL, 0, 37, '2019-07-05 08:35:08', '2019-07-05 08:35:08'),
(30, 11, 90, '7.5', '2', NULL, 0, 37, '2019-07-05 08:35:08', '2019-07-05 08:35:08'),
(31, 91, 96, '15', '1', NULL, 0, 38, '2019-07-05 08:48:18', '2019-07-05 08:48:18'),
(32, 90, 91, '7.5', '2', NULL, 0, 38, '2019-07-05 08:48:18', '2019-07-05 08:48:18'),
(33, 11, 90, '3.6', '3', NULL, 0, 38, '2019-07-05 08:48:18', '2019-07-05 08:48:18'),
(37, 96, 98, '15', '1', NULL, 0, 40, '2019-07-05 10:21:53', '2019-07-05 10:21:53'),
(38, 91, 96, '7.5', '2', NULL, 0, 40, '2019-07-05 10:21:53', '2019-07-05 10:21:53'),
(39, 11, 90, '1.2', '4', NULL, 0, 40, '2019-07-05 10:21:53', '2019-07-05 10:21:53'),
(40, 98, 99, '15', '1', NULL, 0, 41, '2019-07-05 11:49:28', '2019-07-05 11:49:28'),
(41, 96, 98, '7.5', '2', NULL, 0, 41, '2019-07-05 11:49:28', '2019-07-05 11:49:28'),
(42, 99, 101, '15', '1', NULL, 0, 42, '2019-07-05 12:02:43', '2019-07-05 12:02:43'),
(43, 98, 99, '7.5', '2', NULL, 0, 42, '2019-07-05 12:02:43', '2019-07-05 12:02:43'),
(44, 101, 102, '15', '1', NULL, 0, 43, '2019-07-05 12:39:04', '2019-07-05 12:39:04'),
(45, 99, 101, '7.5', '2', NULL, 0, 43, '2019-07-05 12:39:04', '2019-07-05 12:39:04'),
(46, 98, 104, '15', '1', NULL, 0, 44, '2019-07-05 13:03:20', '2019-07-05 13:03:20'),
(47, 96, 98, '7.5', '2', NULL, 0, 44, '2019-07-05 13:03:20', '2019-07-05 13:03:20'),
(48, 102, 103, '15', '1', NULL, 0, 45, '2019-07-05 13:11:09', '2019-07-05 13:11:09'),
(49, 101, 102, '7.5', '2', NULL, 0, 45, '2019-07-05 13:11:09', '2019-07-05 13:11:09'),
(50, 104, 105, '15', '1', NULL, 0, 46, '2019-07-05 13:56:52', '2019-07-05 13:56:52'),
(51, 98, 104, '7.5', '2', NULL, 0, 46, '2019-07-05 13:56:52', '2019-07-05 13:56:52'),
(52, 98, 104, '20', '1', NULL, 0, 47, '2019-07-05 14:08:28', '2019-07-05 14:08:28'),
(53, 96, 98, '10', '2', NULL, 0, 47, '2019-07-05 14:08:28', '2019-07-05 14:08:28'),
(54, 104, 105, '20', '1', NULL, 0, 48, '2019-07-05 14:11:24', '2019-07-05 14:11:24'),
(55, 98, 104, '10', '2', NULL, 0, 48, '2019-07-05 14:11:24', '2019-07-05 14:11:24'),
(56, 91, 96, '20', '1', NULL, 0, 49, '2019-07-08 08:02:01', '2019-07-08 08:02:01'),
(57, 90, 91, '10', '2', NULL, 0, 49, '2019-07-08 08:02:01', '2019-07-08 08:02:01'),
(58, 11, 90, '4.8', '3', NULL, 0, 49, '2019-07-08 08:02:01', '2019-07-08 08:02:01'),
(59, 11, 90, '20', '1', NULL, 0, 52, '2019-07-08 11:35:15', '2019-07-08 11:35:15'),
(60, 108, 109, '15', '1', NULL, 0, 53, '2019-07-08 11:44:04', '2019-07-08 11:44:04'),
(61, 110, 111, '15', '1', NULL, 0, 54, '2019-07-08 11:55:42', '2019-07-08 11:55:42'),
(62, 108, 110, '7.2', '2', NULL, 0, 54, '2019-07-08 11:55:42', '2019-07-08 11:55:42'),
(63, 111, 112, '15', '1', NULL, 0, 55, '2019-07-08 13:15:34', '2019-07-08 13:15:34'),
(64, 110, 111, '7.2', '2', NULL, 0, 55, '2019-07-08 13:15:34', '2019-07-08 13:15:34'),
(67, 111, 112, '20', '1', NULL, 0, 62, '2019-07-08 14:19:23', '2019-07-08 14:19:23'),
(68, 110, 111, '9.6', '2', NULL, 0, 62, '2019-07-08 14:19:23', '2019-07-08 14:19:23'),
(69, 108, 110, '4.8', '3', NULL, 0, 62, '2019-07-08 14:19:23', '2019-07-08 14:19:23'),
(78, 96, 115, '47.5', '1', NULL, 0, 66, '2019-07-08 15:05:01', '2019-07-08 15:05:01'),
(79, 91, 96, '22.8', '2', NULL, 0, 66, '2019-07-08 15:05:01', '2019-07-08 15:05:01'),
(80, 90, 91, '11.4', '3', NULL, 0, 66, '2019-07-08 15:05:01', '2019-07-08 15:05:01'),
(81, 11, 90, '3.8', '4', NULL, 0, 66, '2019-07-08 15:05:01', '2019-07-08 15:05:01'),
(85, 105, 116, '47.5', '1', NULL, 0, 68, '2019-07-08 15:44:37', '2019-07-08 15:44:37'),
(86, 104, 105, '22.8', '2', NULL, 0, 68, '2019-07-08 15:44:37', '2019-07-08 15:44:37'),
(87, 96, 98, '3.8', '4', NULL, 0, 68, '2019-07-08 15:44:37', '2019-07-08 15:44:37'),
(88, 105, 105, '5', '1', NULL, 0, 69, '2019-07-08 16:56:54', '2019-07-08 16:56:54'),
(89, 104, 105, '2.4', '2', NULL, 0, 69, '2019-07-08 16:56:54', '2019-07-08 16:56:54'),
(90, 96, 98, '0.4', '4', NULL, 0, 69, '2019-07-08 16:56:54', '2019-07-08 16:56:54'),
(91, 96, 98, '30', '1', NULL, 0, 70, '2019-07-08 18:13:50', '2019-07-08 18:13:50'),
(92, 91, 96, '24', '2', NULL, 0, 70, '2019-07-08 18:13:50', '2019-07-08 18:13:50'),
(93, 90, 91, '20', '3', NULL, 0, 70, '2019-07-08 18:13:50', '2019-07-08 18:13:50'),
(94, 11, 90, '4', '4', NULL, 0, 70, '2019-07-08 18:13:50', '2019-07-08 18:13:50'),
(95, 91, 97, '28.5', '1', NULL, 0, 71, '2019-07-08 19:34:55', '2019-07-08 19:34:55'),
(96, 90, 91, '22.8', '2', NULL, 0, 71, '2019-07-08 19:34:55', '2019-07-08 19:34:55'),
(97, 11, 90, '19', '3', NULL, 0, 71, '2019-07-08 19:34:55', '2019-07-08 19:34:55'),
(101, 112, 117, '9', '1', NULL, 0, 77, '2019-07-09 10:32:51', '2019-07-09 10:32:51'),
(102, 111, 112, '7.2', '2', NULL, 0, 77, '2019-07-09 10:32:51', '2019-07-09 10:32:51'),
(103, 108, 110, '1.2', '4', NULL, 0, 77, '2019-07-09 10:32:51', '2019-07-09 10:32:51'),
(105, 117, 118, '9', '1', NULL, 0, 79, '2019-07-09 10:51:59', '2019-07-09 10:51:59'),
(106, 112, 117, '7.2', '2', NULL, 0, 79, '2019-07-09 10:51:59', '2019-07-09 10:51:59'),
(107, 108, 110, '0.6', '5', NULL, 0, 79, '2019-07-09 10:51:59', '2019-07-09 10:51:59'),
(122, 112, 117, '24', '2', NULL, 0, 80, '2019-07-09 11:52:45', '2019-07-09 11:52:45'),
(123, 108, 110, '2', '5', NULL, 0, 80, '2019-07-09 11:52:45', '2019-07-09 11:52:45'),
(131, 105, 105, '3', '1', NULL, 0, 82, '2019-07-09 13:23:01', '2019-07-09 13:23:01'),
(132, 98, 104, '2', '3', NULL, 0, 82, '2019-07-09 13:23:01', '2019-07-09 13:23:01'),
(133, 96, 98, '0.4', '4', NULL, 0, 82, '2019-07-09 13:23:01', '2019-07-09 13:23:01'),
(134, 98, 98, '3', '1', NULL, 0, 83, '2019-07-09 13:31:07', '2019-07-09 13:31:07'),
(135, 96, 98, '2.4', '2', NULL, 0, 83, '2019-07-09 13:31:07', '2019-07-09 13:31:07'),
(136, 90, 91, '0.4', '4', NULL, 0, 83, '2019-07-09 13:31:07', '2019-07-09 13:31:07'),
(137, 117, 118, '30', '1', NULL, 0, 84, '2019-07-09 13:38:19', '2019-07-09 13:38:19'),
(138, 112, 117, '24', '2', NULL, 0, 84, '2019-07-09 13:38:19', '2019-07-09 13:38:19'),
(139, 108, 110, '2', '5', NULL, 0, 84, '2019-07-09 13:38:19', '2019-07-09 13:38:19'),
(140, 105, 105, '3', '1', NULL, 0, 86, '2019-07-09 13:54:24', '2019-07-09 13:54:24'),
(141, 98, 104, '2', '3', NULL, 0, 86, '2019-07-09 13:54:24', '2019-07-09 13:54:24'),
(142, 96, 98, '0.4', '4', NULL, 0, 86, '2019-07-09 13:54:24', '2019-07-09 13:54:24'),
(143, 112, 117, '30', '1', NULL, 0, 87, '2019-07-09 13:56:20', '2019-07-09 13:56:20'),
(144, 111, 112, '24', '2', NULL, 0, 87, '2019-07-09 13:56:20', '2019-07-09 13:56:20'),
(145, 108, 110, '4', '4', NULL, 0, 87, '2019-07-09 13:56:20', '2019-07-09 13:56:20'),
(146, 96, 98, '22.8', '2', NULL, 0, 90, '2019-07-09 14:17:56', '2019-07-09 14:17:56'),
(147, 90, 91, '3.8', '4', NULL, 0, 90, '2019-07-09 14:17:56', '2019-07-09 14:17:56'),
(148, 117, 117, '3', '1', NULL, 0, 92, '2019-07-09 16:17:02', '2019-07-09 16:17:02'),
(149, 112, 117, '2.4', '2', NULL, 0, 92, '2019-07-09 16:17:02', '2019-07-09 16:17:02'),
(150, 108, 110, '0.2', '5', NULL, 0, 92, '2019-07-09 16:17:02', '2019-07-09 16:17:02'),
(151, 112, 117, '30', '1', NULL, 0, 93, '2019-07-10 06:51:50', '2019-07-10 06:51:50'),
(152, 111, 112, '24', '2', NULL, 0, 93, '2019-07-10 06:51:50', '2019-07-10 06:51:50'),
(153, 108, 110, '4', '4', NULL, 0, 93, '2019-07-10 06:51:50', '2019-07-10 06:51:50'),
(154, 90, 90, '3', '1', NULL, 0, 94, '2019-07-10 08:12:10', '2019-07-10 08:12:10'),
(155, 11, 90, '2.4', '2', NULL, 0, 94, '2019-07-10 08:12:10', '2019-07-10 08:12:10'),
(162, 117, 118, '30', '1', NULL, 0, 99, '2019-07-10 09:00:17', '2019-07-10 09:00:17'),
(165, 117, 118, '30', '1', NULL, 0, 101, '2019-07-10 09:14:16', '2019-07-10 09:14:16'),
(166, 112, 117, '24', '2', NULL, 0, 101, '2019-07-10 09:14:16', '2019-07-10 09:14:16'),
(167, 108, 110, '2.5', '5', NULL, 0, 101, '2019-07-10 09:14:16', '2019-07-10 09:14:16'),
(173, 117, 118, '21', '1', NULL, 0, 105, '2019-07-10 09:45:41', '2019-07-10 09:45:41'),
(174, 112, 117, '16.8', '2', NULL, 0, 105, '2019-07-10 09:45:41', '2019-07-10 09:45:41'),
(175, 108, 110, '2.1', '5', NULL, 0, 105, '2019-07-10 09:45:41', '2019-07-10 09:45:41'),
(176, 112, 117, '30', '1', NULL, 0, 108, '2019-07-10 10:32:02', '2019-07-10 10:32:02'),
(177, 111, 112, '24', '2', NULL, 0, 108, '2019-07-10 10:32:02', '2019-07-10 10:32:02'),
(178, 108, 110, '5.5', '4', NULL, 0, 108, '2019-07-10 10:32:02', '2019-07-10 10:32:02'),
(182, 109, 130, '9', '1', NULL, 0, 115, '2019-07-11 06:57:07', '2019-07-11 06:57:07'),
(183, 108, 109, '7.65', '2', NULL, 0, 115, '2019-07-11 06:57:07', '2019-07-11 06:57:07'),
(184, 130, 135, '9', '1', NULL, 0, 117, '2019-07-11 07:34:49', '2019-07-11 07:34:49'),
(185, 109, 130, '7.2', '2', NULL, 0, 117, '2019-07-11 07:34:49', '2019-07-11 07:34:49'),
(186, 108, 109, '6.45', '3', NULL, 0, 117, '2019-07-11 07:34:49', '2019-07-11 07:34:49'),
(187, 135, 136, '9', '1', NULL, 0, 118, '2019-07-11 08:39:55', '2019-07-11 08:39:55'),
(188, 130, 135, '7.2', '2', NULL, 0, 118, '2019-07-11 08:39:55', '2019-07-11 08:39:55'),
(189, 108, 109, '1.65', '4', NULL, 0, 118, '2019-07-11 08:39:55', '2019-07-11 08:39:55'),
(190, 136, 137, '9', '1', NULL, 0, 119, '2019-07-11 09:20:41', '2019-07-11 09:20:41'),
(191, 135, 136, '7.2', '2', NULL, 0, 119, '2019-07-11 09:20:41', '2019-07-11 09:20:41'),
(192, 108, 109, '1.05', '5', NULL, 0, 119, '2019-07-11 09:20:41', '2019-07-11 09:20:41'),
(193, 137, 138, '9', '1', NULL, 0, 120, '2019-07-11 10:02:55', '2019-07-11 10:02:55'),
(194, 136, 137, '7.2', '2', NULL, 0, 120, '2019-07-11 10:02:55', '2019-07-11 10:02:55'),
(195, 108, 109, '0.75', '6', NULL, 0, 120, '2019-07-11 10:02:55', '2019-07-11 10:02:55'),
(196, 105, 105, '3', '1', NULL, 0, 121, '2019-07-11 10:04:20', '2019-07-11 10:04:20'),
(197, 104, 105, '2.4', '2', NULL, 0, 121, '2019-07-11 10:04:20', '2019-07-11 10:04:20'),
(198, 98, 104, '2', '3', NULL, 0, 121, '2019-07-11 10:04:20', '2019-07-11 10:04:20'),
(199, 96, 98, '0.4', '4', NULL, 0, 121, '2019-07-11 10:04:20', '2019-07-11 10:04:20'),
(200, 138, 140, '9', '1', NULL, 0, 122, '2019-07-11 10:52:45', '2019-07-11 10:52:45'),
(201, 137, 138, '7.2', '2', NULL, 0, 122, '2019-07-11 10:52:45', '2019-07-11 10:52:45'),
(202, 108, 109, '0.75', '7', NULL, 0, 122, '2019-07-11 10:52:45', '2019-07-11 10:52:45'),
(203, 140, 141, '9', '1', NULL, 0, 123, '2019-07-11 11:05:26', '2019-07-11 11:05:26'),
(204, 138, 140, '7.2', '2', NULL, 0, 123, '2019-07-11 11:05:26', '2019-07-11 11:05:26'),
(205, 108, 109, '0.75', '8', NULL, 0, 123, '2019-07-11 11:05:26', '2019-07-11 11:05:26'),
(206, 141, 142, '9', '1', NULL, 0, 124, '2019-07-11 11:29:25', '2019-07-11 11:29:25'),
(207, 140, 141, '7.2', '2', NULL, 0, 124, '2019-07-11 11:29:25', '2019-07-11 11:29:25'),
(208, 108, 109, '0.75', '9', NULL, 0, 124, '2019-07-11 11:29:25', '2019-07-11 11:29:25'),
(209, 142, 143, '9', '1', NULL, 0, 125, '2019-07-11 11:40:25', '2019-07-11 11:40:25'),
(210, 141, 142, '7.2', '2', NULL, 0, 125, '2019-07-11 11:40:25', '2019-07-11 11:40:25'),
(211, 108, 109, '0.75', '10', NULL, 0, 125, '2019-07-11 11:40:25', '2019-07-11 11:40:25'),
(212, 143, 144, '9', '1', NULL, 0, 126, '2019-07-11 11:47:38', '2019-07-11 11:47:38'),
(213, 142, 143, '7.2', '2', NULL, 0, 126, '2019-07-11 11:47:38', '2019-07-11 11:47:38'),
(214, 108, 109, '0.75', '11', NULL, 0, 126, '2019-07-11 11:47:38', '2019-07-11 11:47:38'),
(215, 109, 130, '30', '1', NULL, 0, 127, '2019-07-11 12:25:10', '2019-07-11 12:25:10'),
(216, 108, 109, '25.5', '2', NULL, 0, 127, '2019-07-11 12:25:10', '2019-07-11 12:25:10'),
(217, 144, 145, '9', '1', NULL, 0, 128, '2019-07-11 12:32:51', '2019-07-11 12:32:51'),
(218, 143, 144, '7.2', '2', NULL, 0, 128, '2019-07-11 12:32:51', '2019-07-11 12:32:51'),
(219, 108, 109, '0.75', '12', NULL, 0, 128, '2019-07-11 12:32:51', '2019-07-11 12:32:51'),
(220, 145, 146, '9', '1', NULL, 0, 129, '2019-07-11 13:17:45', '2019-07-11 13:17:45'),
(221, 144, 145, '7.2', '2', NULL, 0, 129, '2019-07-11 13:17:45', '2019-07-11 13:17:45'),
(222, 144, 145, '24', '2', NULL, 0, 130, '2019-07-11 13:37:32', '2019-07-11 13:37:32'),
(223, 96, 98, '24', '2', NULL, 0, 131, '2019-07-11 14:21:50', '2019-07-11 14:21:50'),
(224, 90, 91, '4', '4', NULL, 0, 131, '2019-07-11 14:21:50', '2019-07-11 14:21:50'),
(225, 91, 96, '24', '2', NULL, 0, 132, '2019-07-11 14:49:02', '2019-07-11 14:49:02'),
(226, 90, 91, '20', '3', NULL, 0, 132, '2019-07-11 14:49:02', '2019-07-11 14:49:02'),
(227, 11, 90, '4', '4', NULL, 0, 132, '2019-07-11 14:49:02', '2019-07-11 14:49:02'),
(228, 91, 91, '3', '1', NULL, 0, 133, '2019-07-11 14:59:27', '2019-07-11 14:59:27'),
(229, 90, 91, '2.4', '2', NULL, 0, 133, '2019-07-11 14:59:27', '2019-07-11 14:59:27'),
(230, 11, 90, '2', '3', NULL, 0, 133, '2019-07-11 14:59:27', '2019-07-11 14:59:27'),
(231, 91, 148, '28.5', '1', NULL, 0, 134, '2019-07-11 15:10:16', '2019-07-11 15:10:16'),
(232, 90, 91, '22.8', '2', NULL, 0, 134, '2019-07-11 15:10:16', '2019-07-11 15:10:16'),
(233, 11, 90, '19', '3', NULL, 0, 134, '2019-07-11 15:10:16', '2019-07-11 15:10:16'),
(234, 109, 130, '30', '1', NULL, 0, 135, '2019-07-12 07:03:53', '2019-07-12 07:03:53'),
(235, 108, 109, '34.5', '2', NULL, 0, 135, '2019-07-12 07:03:53', '2019-07-12 07:03:53'),
(236, 109, 130, '30', '1', NULL, 0, 136, '2019-07-12 07:20:43', '2019-07-12 07:20:43'),
(237, 108, 109, '34.5', '2', NULL, 0, 136, '2019-07-12 07:20:43', '2019-07-12 07:20:43'),
(238, 109, 130, '21', '1', NULL, 0, 137, '2019-07-12 07:34:12', '2019-07-12 07:34:12'),
(239, 108, 109, '24.15', '2', NULL, 0, 137, '2019-07-12 07:34:12', '2019-07-12 07:34:12'),
(240, 109, 130, '24', '1', NULL, 0, 138, '2019-07-12 09:28:23', '2019-07-12 09:28:23'),
(241, 108, 109, '27.6', '2', NULL, 0, 138, '2019-07-12 09:28:23', '2019-07-12 09:28:23'),
(242, 136, 137, '30', '1', NULL, 0, 139, '2019-07-12 10:25:46', '2019-07-12 10:25:46'),
(243, 135, 136, '33', '2', NULL, 0, 139, '2019-07-12 10:25:46', '2019-07-12 10:25:46'),
(244, 130, 135, '20', '3', NULL, 0, 139, '2019-07-12 10:25:46', '2019-07-12 10:25:46'),
(245, 108, 109, '3.5', '5', NULL, 0, 139, '2019-07-12 10:25:46', '2019-07-12 10:25:46'),
(252, 109, 130, '25.5', '1', NULL, 0, 146, '2019-07-12 12:07:09', '2019-07-12 12:07:09'),
(253, 108, 109, '29.325', '2', NULL, 0, 146, '2019-07-12 12:07:09', '2019-07-12 12:07:09'),
(254, 136, 137, '30', '1', NULL, 0, 151, '2019-07-12 12:28:13', '2019-07-12 12:28:13'),
(255, 130, 136, '33.5', '2', NULL, 0, 151, '2019-07-12 12:28:13', '2019-07-12 12:28:13'),
(256, 108, 109, '5.5', '4', NULL, 0, 151, '2019-07-12 12:28:13', '2019-07-12 12:28:13'),
(257, 108, 109, '31.5', '1', NULL, 0, 152, '2019-07-12 13:17:35', '2019-07-12 13:17:35'),
(258, 108, 109, '31.5', '1', NULL, 0, 153, '2019-07-12 13:25:36', '2019-07-12 13:25:36'),
(259, 108, 109, '31.5', '1', NULL, 0, 154, '2019-07-12 13:27:07', '2019-07-12 13:27:07'),
(260, 108, 109, '22.05', '1', NULL, 0, 155, '2019-07-12 13:29:09', '2019-07-12 13:29:09'),
(261, 108, 109, '25.2', '1', NULL, 0, 156, '2019-07-12 13:30:31', '2019-07-12 13:30:31'),
(262, 108, 109, '26.775', '1', NULL, 0, 157, '2019-07-12 13:39:24', '2019-07-12 13:39:24'),
(263, 98, 149, '9', '1', NULL, 0, 158, '2019-07-12 15:51:21', '2019-07-12 15:51:21'),
(264, 96, 98, '9.9', '2', NULL, 0, 158, '2019-07-12 15:51:21', '2019-07-12 15:51:21'),
(265, 90, 91, '1.2', '4', NULL, 0, 158, '2019-07-12 15:51:21', '2019-07-12 15:51:21'),
(266, 11, 90, '0.6', '5', NULL, 0, 158, '2019-07-12 15:51:21', '2019-07-12 15:51:21'),
(267, 149, 150, '3', '1', NULL, 0, 159, '2019-07-12 16:08:53', '2019-07-12 16:08:53'),
(268, 98, 149, '3.3', '2', NULL, 0, 159, '2019-07-12 16:08:53', '2019-07-12 16:08:53'),
(269, 96, 98, '2', '3', NULL, 0, 159, '2019-07-12 16:08:53', '2019-07-12 16:08:53'),
(270, 11, 90, '0.1', '6', NULL, 0, 159, '2019-07-12 16:08:53', '2019-07-12 16:08:53'),
(271, 135, 136, '30', '1', NULL, 0, 160, '2019-07-15 08:38:13', '2019-07-15 08:38:13'),
(272, 130, 135, '33.5', '2', NULL, 0, 160, '2019-07-15 08:38:13', '2019-07-15 08:38:13'),
(273, 109, 130, '20.5', '3', NULL, 0, 160, '2019-07-15 08:38:13', '2019-07-15 08:38:13'),
(274, 108, 109, '5.5', '4', NULL, 0, 160, '2019-07-15 08:38:13', '2019-07-15 08:38:13'),
(275, 11, 90, '35', '1', NULL, 0, 162, '2019-07-15 16:47:19', '2019-07-15 16:47:19'),
(276, 98, 149, '30', '1', NULL, 0, 163, '2019-07-15 16:49:53', '2019-07-15 16:49:53'),
(277, 96, 98, '33', '2', NULL, 0, 163, '2019-07-15 16:49:53', '2019-07-15 16:49:53'),
(278, 90, 91, '4', '4', NULL, 0, 163, '2019-07-15 16:49:53', '2019-07-15 16:49:53'),
(279, 11, 90, '7', '5', NULL, 0, 163, '2019-07-15 16:49:53', '2019-07-15 16:49:53'),
(282, 135, 135, '21', '1', NULL, 0, 166, '2019-07-16 11:45:41', '2019-07-16 11:45:41'),
(283, 130, 135, '26.6', '2', NULL, 0, 166, '2019-07-16 11:45:41', '2019-07-16 11:45:41'),
(284, 109, 130, '17.5', '3', NULL, 0, 166, '2019-07-16 11:45:41', '2019-07-16 11:45:41'),
(285, 108, 109, '3.85', '4', NULL, 0, 166, '2019-07-16 11:45:41', '2019-07-16 11:45:41'),
(286, 136, 136, '21', '1', NULL, 0, 167, '2019-07-16 12:13:59', '2019-07-16 12:13:59'),
(287, 135, 136, '23.1', '2', NULL, 0, 167, '2019-07-16 12:13:59', '2019-07-16 12:13:59'),
(288, 130, 135, '17.5', '3', NULL, 0, 167, '2019-07-16 12:13:59', '2019-07-16 12:13:59'),
(289, 109, 130, '6.3', '4', NULL, 0, 167, '2019-07-16 12:13:59', '2019-07-16 12:13:59'),
(290, 108, 109, '2.45', '5', NULL, 0, 167, '2019-07-16 12:13:59', '2019-07-16 12:13:59'),
(291, 141, 141, '21', '1', NULL, 0, 168, '2019-07-16 14:18:54', '2019-07-16 14:18:54'),
(292, 140, 141, '23.1', '2', NULL, 0, 168, '2019-07-16 14:18:54', '2019-07-16 14:18:54'),
(293, 137, 138, '2.8', '4', NULL, 0, 168, '2019-07-16 14:18:54', '2019-07-16 14:18:54'),
(294, 130, 135, '4.2', '7', NULL, 0, 168, '2019-07-16 14:18:54', '2019-07-16 14:18:54'),
(295, 109, 130, '4.2', '8', NULL, 0, 168, '2019-07-16 14:18:54', '2019-07-16 14:18:54'),
(296, 108, 109, '1.75', '9', NULL, 0, 168, '2019-07-16 14:18:54', '2019-07-16 14:18:54'),
(297, 141, 141, '21', '1', NULL, 0, 169, '2019-07-17 08:44:29', '2019-07-17 08:44:29'),
(298, 140, 141, '23.1', '2', NULL, 0, 169, '2019-07-17 08:44:29', '2019-07-17 08:44:29'),
(299, 137, 138, '2.8', '4', NULL, 0, 169, '2019-07-17 08:44:29', '2019-07-17 08:44:29'),
(300, 130, 135, '4.2', '7', NULL, 0, 169, '2019-07-17 08:44:29', '2019-07-17 08:44:29'),
(301, 109, 130, '4.2', '8', NULL, 0, 169, '2019-07-17 08:44:29', '2019-07-17 08:44:29'),
(302, 108, 109, '1.75', '9', NULL, 0, 169, '2019-07-17 08:44:29', '2019-07-17 08:44:29'),
(303, 98, 98, '21', '1', NULL, 0, 170, '2019-07-17 09:52:43', '2019-07-17 09:52:43'),
(304, 96, 98, '23.1', '2', NULL, 0, 170, '2019-07-17 09:52:43', '2019-07-17 09:52:43'),
(305, 90, 91, '2.8', '4', NULL, 0, 170, '2019-07-17 09:52:43', '2019-07-17 09:52:43'),
(306, 11, 90, '4.9', '5', NULL, 0, 170, '2019-07-17 09:52:43', '2019-07-17 09:52:43'),
(307, 143, 143, '21', '1', NULL, 0, 171, '2019-07-17 10:08:07', '2019-07-17 10:08:07'),
(308, 142, 143, '23.1', '2', NULL, 0, 171, '2019-07-17 10:08:07', '2019-07-17 10:08:07'),
(309, 137, 138, '0.7', '6', NULL, 0, 171, '2019-07-17 10:08:07', '2019-07-17 10:08:07'),
(310, 130, 135, '4.2', '9', NULL, 0, 171, '2019-07-17 10:08:07', '2019-07-17 10:08:07'),
(311, 109, 130, '4.2', '10', NULL, 0, 171, '2019-07-17 10:08:07', '2019-07-17 10:08:07'),
(312, 108, 109, '1.75', '11', NULL, 0, 171, '2019-07-17 10:08:07', '2019-07-17 10:08:07'),
(313, 88, 88, '17.5', '1', NULL, 0, 172, '2019-07-17 10:11:59', '2019-07-17 10:11:59'),
(319, 11, 57, '3', '1', NULL, 0, 700, '2019-07-17 12:56:28', '2019-07-17 12:56:28'),
(320, 11, 57, '3', '1', NULL, 0, 700, '2019-07-17 12:56:30', '2019-07-17 12:56:30'),
(321, 11, 57, '3', '1', NULL, 0, 700, '2019-07-17 12:56:30', '2019-07-17 12:56:30'),
(322, 11, 57, '3', '1', NULL, 0, 700, '2019-07-17 12:56:31', '2019-07-17 12:56:31'),
(323, 11, 57, '3', '1', NULL, 0, 175, '2019-07-17 12:57:46', '2019-07-17 12:57:46'),
(324, 109, 172, '9.3', '1', NULL, 0, 176, '2019-07-24 11:19:52', '2019-07-24 11:19:52'),
(325, 108, 109, '10.35', '2', NULL, 0, 176, '2019-07-24 11:19:52', '2019-07-24 11:19:52');

-- --------------------------------------------------------

--
-- Table structure for table `convertion`
--

CREATE TABLE `convertion` (
  `id` int(10) NOT NULL,
  `convertion_title` varchar(5) DEFAULT NULL,
  `convertion_euro` varchar(5) DEFAULT NULL,
  `convertion_pv` varchar(10) DEFAULT NULL,
  `created_at` datetime NOT NULL,
  `updated_at` datetime NOT NULL
) ENGINE=InnoDB DEFAULT CHARSET=latin1;

--
-- Dumping data for table `convertion`
--

INSERT INTO `convertion` (`id`, `convertion_title`, `convertion_euro`, `convertion_pv`, `created_at`, `updated_at`) VALUES
(3, '2', '1', '1', '0000-00-00 00:00:00', '0000-00-00 00:00:00'),
(4, '3', '1', '1', '2019-05-31 07:50:39', '2019-07-15 12:12:10'),
(5, '4', '1', '1', '2019-05-31 07:50:50', '2019-06-27 08:04:20'),
(6, '5', '1', '1', '2019-05-31 07:50:59', '2019-06-20 15:30:26'),
(7, '6', '1', '1', '2019-05-31 07:51:10', '2019-06-20 15:30:31'),
(8, '7', '1', '1', '2019-05-31 07:51:19', '2019-06-20 15:30:37'),
(9, '8', '1', '1', '2019-05-31 07:51:27', '2019-06-20 15:30:43'),
(10, '9', '1', '1', '0000-00-00 00:00:00', '2019-07-15 12:52:22'),
(11, '10', '1', '1', '0000-00-00 00:00:00', '2019-06-20 15:30:53'),
(12, '11', '1', '2', '0000-00-00 00:00:00', '2019-07-15 12:53:11');

-- --------------------------------------------------------

--
-- Table structure for table `dealers`
--

CREATE TABLE `dealers` (
  `id` int(10) UNSIGNED NOT NULL,
  `name` varchar(255) COLLATE utf8mb4_unicode_ci NOT NULL,
  `userName` varchar(20) COLLATE utf8mb4_unicode_ci DEFAULT NULL,
  `referralCode` varchar(10) COLLATE utf8mb4_unicode_ci DEFAULT NULL,
  `telephoneNumber` varchar(20) COLLATE utf8mb4_unicode_ci DEFAULT NULL,
  `postalCode` varchar(20) COLLATE utf8mb4_unicode_ci DEFAULT NULL,
  `email` varchar(255) COLLATE utf8mb4_unicode_ci NOT NULL,
  `password` varchar(255) COLLATE utf8mb4_unicode_ci NOT NULL,
  `role_type` int(3) DEFAULT '2' COMMENT '[0]=>''superAdmin'',[1]=>''Admin'',[2]=>''User'',[3]=>''User''',
  `parent_id` int(10) NOT NULL DEFAULT '0' COMMENT '[0]=>''parent''',
  `remember_token` varchar(100) COLLATE utf8mb4_unicode_ci DEFAULT NULL,
  `dob` date DEFAULT NULL,
  `resiaddress` varchar(200) COLLATE utf8mb4_unicode_ci DEFAULT NULL,
  `region` varchar(100) COLLATE utf8mb4_unicode_ci DEFAULT NULL,
  `streat` varchar(20) COLLATE utf8mb4_unicode_ci DEFAULT NULL,
  `fcode` varchar(10) COLLATE utf8mb4_unicode_ci DEFAULT NULL,
  `pariva` varchar(20) COLLATE utf8mb4_unicode_ci DEFAULT NULL,
  `is_profile_complete` enum('0','1') COLLATE utf8mb4_unicode_ci NOT NULL DEFAULT '0' COMMENT '[0]=>''N'',[1]=>''Y''',
  `is_deleted` int(2) DEFAULT '0' COMMENT '[0]=>no,[1]=>yes',
  `is_email_verify` enum('0','1') COLLATE utf8mb4_unicode_ci NOT NULL DEFAULT '0' COMMENT '[0]=>''N'',[1]=>''Y''',
  `status` int(2) DEFAULT '1' COMMENT '[0]=>''deactive'',[1]=>''active''',
  `qr_code` varchar(20) COLLATE utf8mb4_unicode_ci DEFAULT NULL,
  `profileimage` text COLLATE utf8mb4_unicode_ci,
  `business_name` varchar(200) COLLATE utf8mb4_unicode_ci DEFAULT NULL,
  `iban` varchar(100) COLLATE utf8mb4_unicode_ci DEFAULT NULL,
  `bank` varchar(250) COLLATE utf8mb4_unicode_ci DEFAULT NULL,
  `paypal` varchar(200) COLLATE utf8mb4_unicode_ci DEFAULT NULL,
  `user_as` varchar(5) COLLATE utf8mb4_unicode_ci DEFAULT 'BK0',
  `created_at` timestamp NULL DEFAULT NULL,
  `updated_at` timestamp NULL DEFAULT NULL,
  `facebook_url` text COLLATE utf8mb4_unicode_ci,
  `twitter_url` text COLLATE utf8mb4_unicode_ci,
  `linkedin_url` text COLLATE utf8mb4_unicode_ci,
  `instagram_url` text COLLATE utf8mb4_unicode_ci
) ENGINE=InnoDB DEFAULT CHARSET=utf8mb4 COLLATE=utf8mb4_unicode_ci;

--
-- Dumping data for table `dealers`
--

INSERT INTO `dealers` (`id`, `name`, `userName`, `referralCode`, `telephoneNumber`, `postalCode`, `email`, `password`, `role_type`, `parent_id`, `remember_token`, `dob`, `resiaddress`, `region`, `streat`, `fcode`, `pariva`, `is_profile_complete`, `is_deleted`, `is_email_verify`, `status`, `qr_code`, `profileimage`, `business_name`, `iban`, `bank`, `paypal`, `user_as`, `created_at`, `updated_at`, `facebook_url`, `twitter_url`, `linkedin_url`, `instagram_url`) VALUES
(60, 'test', 'test', 'LTMZAL', '1234567890', '12345', 'er.bobbysharma92@gmail.com', '$2y$10$waAUaDicNoOfXJUPnzQlE.cE4ACJnLvV4ABdWJ0oXTvnRLO0t5Di6', 2, 0, 'xoZZKS5rwL9RkG0ockPTzJVAuwtuE4PnLZriKXZk', NULL, NULL, NULL, NULL, NULL, NULL, '0', 0, '1', 1, '1857903725.png', NULL, NULL, NULL, NULL, NULL, 'BK0', '2019-04-29 20:28:54', '2019-04-29 20:29:25', NULL, NULL, NULL, NULL);

-- --------------------------------------------------------

--
-- Table structure for table `dealer_detail`
--

CREATE TABLE `dealer_detail` (
  `id` int(11) NOT NULL,
  `affiliatese_id` int(11) NOT NULL,
  `category` varchar(255) DEFAULT NULL,
  `sub_category` varchar(255) DEFAULT NULL,
  `logo` varchar(255) DEFAULT NULL,
  `video` varchar(255) DEFAULT NULL,
  `updated_at` timestamp NULL DEFAULT NULL,
  `created_at` timestamp NULL DEFAULT NULL
) ENGINE=InnoDB DEFAULT CHARSET=utf8;

--
-- Dumping data for table `dealer_detail`
--

INSERT INTO `dealer_detail` (`id`, `affiliatese_id`, `category`, `sub_category`, `logo`, `video`, `updated_at`, `created_at`) VALUES
(1, 43, '1', '2', '1556793922.jpg', NULL, '2019-05-08 15:30:17', '2019-05-01 19:23:32'),
(3, 53, '1', '3', NULL, NULL, '2019-05-06 21:23:44', '2019-05-06 21:12:45'),
(4, 57, '5', '8', '1558447566.png', '1561646486.mp4', '2019-07-17 17:18:04', '2019-05-08 15:20:42'),
(5, 60, '5', '8', NULL, NULL, '2019-05-13 21:01:26', '2019-05-13 21:01:26'),
(6, 61, '5', '7', NULL, NULL, '2019-05-13 21:07:14', '2019-05-13 21:07:14'),
(7, 62, '5', '8', NULL, NULL, '2019-05-13 21:09:27', '2019-05-13 21:09:27'),
(8, 63, '5', '7', NULL, NULL, '2019-05-13 21:10:27', '2019-05-13 21:10:27'),
(9, 64, '5', '7', NULL, NULL, '2019-05-13 21:12:10', '2019-05-13 21:12:10'),
(10, 65, '5', '7', NULL, NULL, '2019-05-13 21:16:25', '2019-05-13 21:16:25'),
(11, 66, '5', '7', '1557849417.jpg', NULL, '2019-05-22 19:52:23', '2019-05-13 21:18:07'),
(12, 81, '5', '7', NULL, NULL, '2019-06-17 19:54:44', '2019-06-17 19:54:44'),
(13, 87, '5', '7', '1562151057.jpg', NULL, '2019-07-03 15:50:57', '2019-07-03 15:44:30'),
(14, 95, '5', '7', '1562249909.png', NULL, '2019-07-04 19:18:29', '2019-07-04 19:14:29'),
(15, 97, '6', '11', '1562321367.png', NULL, '2019-07-05 15:09:27', '2019-07-05 15:02:38'),
(16, 113, '5', '8', '1562592066.jpg', NULL, '2019-07-08 18:21:06', '2019-07-08 18:18:09'),
(17, 114, '6', '11', '1562593579.jpg', NULL, '2019-07-08 18:46:19', '2019-07-08 18:44:52'),
(18, 115, '5', '7', NULL, NULL, '2019-07-08 19:40:32', '2019-07-08 19:40:32'),
(19, 116, '5', '7', '1562600524.jpg', NULL, '2019-07-08 20:42:04', '2019-07-08 20:29:19'),
(20, 122, '5', '7', NULL, NULL, '2019-07-09 19:12:57', '2019-07-09 19:12:57'),
(21, 148, '6', '11', NULL, NULL, '2019-07-11 20:12:10', '2019-07-11 20:08:40'),
(22, 150, '6', '11', NULL, NULL, '2019-07-12 21:09:46', '2019-07-12 21:02:02'),
(23, 161, '5', '7', NULL, NULL, '2019-07-17 18:27:10', '2019-07-17 18:27:10'),
(24, 165, '5', '8', NULL, NULL, '2019-07-19 17:05:06', '2019-07-19 17:05:06'),
(25, 166, '5', '8', NULL, NULL, '2019-07-19 17:29:43', '2019-07-19 17:29:43'),
(26, 167, '5', '14', NULL, NULL, '2019-07-22 13:13:15', '2019-07-22 13:13:15'),
(27, 169, '6', '11', NULL, NULL, '2019-07-22 14:07:45', '2019-07-22 14:07:45'),
(28, 170, '6', '11', NULL, NULL, '2019-07-22 14:19:31', '2019-07-22 14:19:31');

-- --------------------------------------------------------

--
-- Table structure for table `dealer_images`
--

CREATE TABLE `dealer_images` (
  `id` int(11) NOT NULL,
  `affiliatese_id` int(11) DEFAULT NULL,
  `file` varchar(255) DEFAULT NULL,
  `updated_at` timestamp NULL DEFAULT NULL,
  `created_at` timestamp NULL DEFAULT NULL
) ENGINE=InnoDB DEFAULT CHARSET=utf8;

--
-- Dumping data for table `dealer_images`
--

INSERT INTO `dealer_images` (`id`, `affiliatese_id`, `file`, `updated_at`, `created_at`) VALUES
(12, 43, '15571583162.jpg', '2019-05-06 20:58:36', '2019-05-06 20:58:36'),
(14, 43, '15571583831.jpg', '2019-05-06 20:59:43', '2019-05-06 20:59:43'),
(15, 43, '15571587141.jpg', '2019-05-06 21:05:14', '2019-05-06 21:05:14'),
(16, 53, '15571597531.jpg', '2019-05-06 21:22:33', '2019-05-06 21:22:33'),
(17, 53, '15571598241.jpg', '2019-05-06 21:23:44', '2019-05-06 21:23:44'),
(18, 43, '15573113961.jpg', '2019-05-08 15:29:56', '2019-05-08 15:29:56'),
(19, 43, '15573113962.png', '2019-05-08 15:29:56', '2019-05-08 15:29:56'),
(23, 66, '15578494171.jpg', '2019-05-14 20:56:57', '2019-05-14 20:56:57'),
(39, 57, '15598290371.jpg', '2019-06-06 18:50:37', '2019-06-06 18:50:37'),
(40, 57, '15598290372.jpg', '2019-06-06 18:50:37', '2019-06-06 18:50:37'),
(41, 57, '15598290373.jpg', '2019-06-06 18:50:37', '2019-06-06 18:50:37'),
(42, 57, '15598321641.jpg', '2019-06-06 19:42:44', '2019-06-06 19:42:44');

-- --------------------------------------------------------

--
-- Table structure for table `dealer_post`
--

CREATE TABLE `dealer_post` (
  `post_id` int(11) NOT NULL,
  `affiliatese_id` int(11) NOT NULL,
  `title` varchar(255) NOT NULL,
  `description` longtext NOT NULL,
  `iva` varchar(255) DEFAULT NULL,
  `vat_code` varchar(255) DEFAULT NULL,
  `discount_amount` double DEFAULT NULL,
  `category` int(11) DEFAULT NULL,
  `sub_category` int(11) DEFAULT NULL,
  `updated_at` timestamp NOT NULL DEFAULT CURRENT_TIMESTAMP ON UPDATE CURRENT_TIMESTAMP,
  `created_at` timestamp NOT NULL DEFAULT '0000-00-00 00:00:00'
) ENGINE=InnoDB DEFAULT CHARSET=utf8;

--
-- Dumping data for table `dealer_post`
--

INSERT INTO `dealer_post` (`post_id`, `affiliatese_id`, `title`, `description`, `iva`, `vat_code`, `discount_amount`, `category`, `sub_category`, `updated_at`, `created_at`) VALUES
(1, 43, 'test2', '<p>test1</p>', '213', '13', 25, 1, 8, '2019-05-08 15:29:39', '2019-04-30 18:36:58'),
(8, 53, 'Test8', '<p>Test8</p>', 'Test8', '666', 67, NULL, NULL, '2019-05-06 21:23:18', '2019-05-06 21:12:45'),
(9, 57, 'Lorem Ipsum', '<p><strong>Lorem Ipsum</strong> is simply dummy text of the printing and typesetting industry. Lorem Ipsum has been the industry&#39;s standard dummy text ever since the 1500s, when an unknown printer took a galley of type and scrambled it to make a type specimen book. It has survived not only five centuries, but also the leap into electronic typesetting, remaining essentially unchanged. It was popularised in the 1960s with the release of Letraset sheets containing Lorem Ipsum passages, and more recently with desktop publishing software like Aldus PageMaker including versions of Lorem Ipsum</p>', '5', '', 10, NULL, NULL, '2019-07-17 17:18:04', '2019-05-08 15:20:42'),
(16, 66, 'Globalization process', '<p>Specialization, availability, efficiency, continuous education, privacy are the main principles which all along identify Studio Colombo&rsquo;s activity, capable to grant its Clients a personalized, high quality and elevated flexibility, in a National context characterized by the continuous evolution of the law and fiscal system and in an International context with an increasing globalization process.</p>', '34', '23', 45, NULL, NULL, '2019-05-22 19:52:23', '2019-05-13 21:18:07'),
(18, 87, 'Riccardo De Peppo Cocco', '<p>eqwdw5f63s45dy34</p>', '2223344555667008', '', 12, NULL, NULL, '2019-07-03 15:50:57', '2019-07-03 15:44:30'),
(19, 95, 'Lorem Ipsum', '<p>zxbfghdrt heryvetrtvednhhtrdntrd</p>\r\n\r\n<p>wregvtrtrrt3gtrgtrtr</p>\r\n\r\n<p>wetgwrttrgrtgwrthrwghwg</p>', '056405121', '', 10, NULL, NULL, '2019-07-04 19:18:29', '2019-07-04 19:14:29'),
(20, 97, 'Riccardo Nin', '<p>e2rrfedwwerf</p>', '3399883730937255', '', 10, NULL, NULL, '2019-07-05 15:09:27', '2019-07-05 15:02:38'),
(21, 113, 'Maddalena De Peppo Cocco', '<p>23f4rf65gj</p>', '29937652000003662552', '', 32, NULL, NULL, '2019-07-08 18:21:06', '2019-07-08 18:18:09'),
(22, 114, 'Riccardo Ravelli', '<p>2rerfrf13f314</p>', '3882662000002772553', '', 24, NULL, NULL, '2019-07-08 18:46:19', '2019-07-08 18:44:52'),
(23, 115, '', '', '8845', NULL, 50, NULL, NULL, '2019-07-08 19:40:32', '2019-07-08 19:40:32'),
(24, 116, 'Francesco Terraneo', '<p>34fijwqdwhgwedeuu</p>', '36651210000003775528930', '', 21, NULL, NULL, '2019-07-08 20:42:04', '2019-07-08 20:29:19'),
(25, 122, '', '', '2883653478009187', NULL, 27, NULL, NULL, '2019-07-09 19:12:57', '2019-07-09 19:12:57'),
(26, 148, 'Matteo Sandrini', '<p>w1wefwefwd</p>', '28825534002772893', '', 33, NULL, NULL, '2019-07-11 20:12:10', '2019-07-11 20:08:40'),
(27, 150, 'Saretta', '<p>qwqwf</p>', '9238787427632457325231757', '', 21, NULL, NULL, '2019-07-12 21:09:46', '2019-07-12 21:02:02'),
(28, 161, '', '', 'HETW77368', NULL, 5, NULL, NULL, '2019-07-17 18:27:10', '2019-07-17 18:27:10'),
(29, 165, '', '', '788DFFG', NULL, 4, NULL, NULL, '2019-07-19 17:05:06', '2019-07-19 17:05:06'),
(30, 166, '', '', '56756FFF', NULL, 7, NULL, NULL, '2019-07-19 17:29:43', '2019-07-19 17:29:43'),
(31, 167, '', '', '565789D', NULL, 10, NULL, NULL, '2019-07-22 13:13:15', '2019-07-22 13:13:15'),
(32, 169, '', '', '54353TE', NULL, 4, NULL, NULL, '2019-07-22 14:07:45', '2019-07-22 14:07:45'),
(33, 170, '', '', '1056789sfd', NULL, 10, NULL, NULL, '2019-07-22 14:19:31', '2019-07-22 14:19:31');

-- --------------------------------------------------------

--
-- Table structure for table `elearningdocs`
--

CREATE TABLE `elearningdocs` (
  `id` int(11) NOT NULL,
  `file_name` varchar(255) DEFAULT NULL,
  `description` text,
  `point_value` double DEFAULT NULL,
  `file_type` varchar(255) DEFAULT NULL,
  `file` varchar(255) DEFAULT NULL,
  `updated_at` timestamp NULL DEFAULT NULL,
  `created_at` timestamp NULL DEFAULT NULL
) ENGINE=InnoDB DEFAULT CHARSET=latin1;

--
-- Dumping data for table `elearningdocs`
--

INSERT INTO `elearningdocs` (`id`, `file_name`, `description`, `point_value`, `file_type`, `file`, `updated_at`, `created_at`) VALUES
(18, 'Test', NULL, NULL, 'document', '1555681300.pdf', '2019-04-19 18:41:40', '2019-04-19 18:41:40'),
(19, 'Test', NULL, NULL, 'image', '1555681349.jpg', '2019-04-19 18:42:29', '2019-04-19 18:42:29'),
(20, 'Test', NULL, NULL, 'image', '1555681365.jpg', '2019-04-19 18:42:45', '2019-04-19 18:42:45'),
(21, 'Test', NULL, NULL, 'image', '1555681381.jpg', '2019-04-19 18:43:01', '2019-04-19 18:43:01'),
(24, 'Test', NULL, NULL, 'document', '1555681425.pdf', '2019-04-19 18:43:45', '2019-04-19 18:43:45'),
(25, 'Test', NULL, NULL, 'document', '1555681446.pdf', '2019-04-19 18:44:06', '2019-04-19 18:44:06'),
(26, 'test new', '<p>test new&nbsp;test new&nbsp;test new&nbsp;test new&nbsp;test new&nbsp;test new&nbsp;test new&nbsp;test new&nbsp;test new&nbsp;test new&nbsp;test new&nbsp;test new&nbsp;test new&nbsp;test new&nbsp;test new&nbsp;test new&nbsp;test new&nbsp;test new&nbsp;test new&nbsp;test new&nbsp;test new&nbsp;test new&nbsp;test new&nbsp;test new&nbsp;test new&nbsp;test new&nbsp;test new&nbsp;test new&nbsp;test new&nbsp;test new&nbsp;test new&nbsp;test new&nbsp;test new&nbsp;test new&nbsp;test new&nbsp;test new&nbsp;test new&nbsp;test new&nbsp;test new&nbsp;test new&nbsp;test new&nbsp;test new&nbsp;test new&nbsp;test new&nbsp;test new&nbsp;test new&nbsp;test new&nbsp;test new&nbsp;test new&nbsp;test new&nbsp;test new&nbsp;test new&nbsp;test new&nbsp;test new&nbsp;test new&nbsp;test new&nbsp;test new&nbsp;test new&nbsp;test new&nbsp;test new&nbsp;test new&nbsp;test new&nbsp;test new&nbsp;test new&nbsp;test new&nbsp;test new&nbsp;test new&nbsp;test new&nbsp;test new&nbsp;</p>', NULL, 'image', '1557413760.jpg', '2019-05-09 19:56:00', '2019-05-09 19:56:00'),
(27, 'test89', '<p>test89</p>', 56, 'image', '1557847732.png', '2019-05-14 20:28:52', '2019-05-14 20:28:52');

-- --------------------------------------------------------

--
-- Table structure for table `e_wallet`
--

CREATE TABLE `e_wallet` (
  `id` int(90) NOT NULL,
  `user_id` int(10) NOT NULL,
  `amount` varchar(20) NOT NULL,
  `paid_status` enum('0','1') DEFAULT '0' COMMENT '[0]=>''N'',[1]=>''Y''',
  `created_at` datetime NOT NULL,
  `updated_at` datetime NOT NULL
) ENGINE=InnoDB DEFAULT CHARSET=utf8;

-- --------------------------------------------------------

--
-- Table structure for table `livello_list`
--

CREATE TABLE `livello_list` (
  `id` int(11) NOT NULL,
  `level_name` varchar(250) DEFAULT NULL,
  `level_percentage` float DEFAULT NULL
) ENGINE=InnoDB DEFAULT CHARSET=utf8;

--
-- Dumping data for table `livello_list`
--

INSERT INTO `livello_list` (`id`, `level_name`, `level_percentage`) VALUES
(1, 'livello 1', 30),
(2, 'livello 2', 33),
(3, 'livello 3', 20),
(4, 'livello 4', 4),
(5, 'livello 5', 2),
(6, 'livello 6', 1),
(7, 'livello 7', 1),
(8, 'livello 8', 1),
(9, 'livello 9', 1),
(10, 'livello 10', 1),
(11, 'livello 11', 1),
(12, 'livello 12', 1),
(13, 'P', 1),
(14, 'PT', 1),
(15, 'PE', 1.5),
(16, 'livello 0', 25);

-- --------------------------------------------------------

--
-- Table structure for table `migrations`
--

CREATE TABLE `migrations` (
  `id` int(10) UNSIGNED NOT NULL,
  `migration` varchar(255) COLLATE utf8mb4_unicode_ci NOT NULL,
  `batch` int(11) NOT NULL
) ENGINE=InnoDB DEFAULT CHARSET=utf8mb4 COLLATE=utf8mb4_unicode_ci;

-- --------------------------------------------------------

--
-- Table structure for table `minimum_value_point`
--

CREATE TABLE `minimum_value_point` (
  `id` int(10) NOT NULL,
  `step` varchar(20) DEFAULT NULL,
  `point` varchar(20) DEFAULT NULL,
  `level_upgrade_point` int(10) DEFAULT NULL,
  `level_downline` int(10) DEFAULT NULL,
  `become_founder_euro` varchar(20) DEFAULT NULL,
  `level_founder_status` enum('0','1') NOT NULL DEFAULT '0' COMMENT '[0]=>''N'',[1]=>''Y''',
  `created_at` datetime NOT NULL,
  `updated_at` datetime NOT NULL,
  `renuwal_account` int(10) DEFAULT NULL
) ENGINE=InnoDB DEFAULT CHARSET=latin1;

--
-- Dumping data for table `minimum_value_point`
--

INSERT INTO `minimum_value_point` (`id`, `step`, `point`, `level_upgrade_point`, `level_downline`, `become_founder_euro`, `level_founder_status`, `created_at`, `updated_at`, `renuwal_account`) VALUES
(1, 'BK0', '5', 0, 0, '0.02', '0', '0000-00-00 00:00:00', '2019-07-08 17:08:52', 0),
(2, 'BK2', '2', 10, 0, '1', '1', '0000-00-00 00:00:00', '2019-07-08 17:19:37', 0),
(3, 'BK4', '30', 12, 0, '3', '1', '0000-00-00 00:00:00', '2019-07-04 14:35:13', 0),
(4, 'BK6', '1', 10, 0, '0.02', '1', '0000-00-00 00:00:00', '2019-06-25 13:56:52', 0),
(5, 'BK8', '15', 10, 0, '10', '1', '0000-00-00 00:00:00', '2019-06-27 15:24:07', 0),
(6, 'BK10', '8', 10, 0, '0.02', '1', '0000-00-00 00:00:00', '2019-06-27 15:24:07', 0),
(7, 'BK12', '10', 10, 2, '0.02', '1', '0000-00-00 00:00:00', '2019-06-27 15:24:08', 0),
(8, 'P', '20', 10, 1, '0.02', '1', '0000-00-00 00:00:00', '2019-06-25 13:56:56', 0),
(9, 'PT', '0.01', 10, 1, '0.02', '1', '0000-00-00 00:00:00', '2019-06-27 15:24:09', 0),
(10, 'PE', '30', 10, 1, '0.02', '1', '0000-00-00 00:00:00', '2019-06-27 15:24:12', 0);

-- --------------------------------------------------------

--
-- Table structure for table `notifications`
--

CREATE TABLE `notifications` (
  `id` int(11) NOT NULL,
  `not_to` int(11) DEFAULT NULL,
  `not_from` int(11) DEFAULT NULL,
  `message` longtext,
  `type` int(11) NOT NULL DEFAULT '0',
  `role_type` int(11) DEFAULT NULL,
  `is_read` int(2) NOT NULL DEFAULT '0',
  `updated_at` timestamp NOT NULL DEFAULT CURRENT_TIMESTAMP ON UPDATE CURRENT_TIMESTAMP,
  `created_at` timestamp NOT NULL DEFAULT '0000-00-00 00:00:00'
) ENGINE=InnoDB DEFAULT CHARSET=latin1;

--
-- Dumping data for table `notifications`
--

INSERT INTO `notifications` (`id`, `not_to`, `not_from`, `message`, `type`, `role_type`, `is_read`, `updated_at`, `created_at`) VALUES
(23, 0, 85, 'Nuovo registro promotore', 1, 2, 1, '2019-07-03 17:26:17', '2019-07-03 13:09:44'),
(24, 0, 86, 'Nuovo registro promotore', 1, 2, 1, '2019-07-03 16:09:41', '2019-07-03 15:24:46'),
(25, 39, 87, 'Nuovo registro Affiliati', 1, 4, 1, '2019-07-03 16:09:35', '2019-07-03 15:44:30'),
(26, 0, 88, 'Nuovo registro promotore', 1, 2, 0, '2019-07-03 21:54:41', '2019-07-03 21:54:41'),
(27, 88, 89, 'Nuovo acquisto della carta', 3, 3, 0, '2019-07-04 01:16:09', '2019-07-04 01:16:09'),
(28, 88, 89, 'Nuovo acquisto della carta', 3, 3, 0, '2019-07-04 01:24:01', '2019-07-04 01:24:01'),
(29, 11, 90, 'Nuovo registro promotore', 1, 2, 0, '2019-07-04 14:02:24', '2019-07-04 14:02:24'),
(30, 0, 90, 'Livello di aggiornamento del promotore', 2, 2, 0, '2019-07-04 15:00:42', '2019-07-04 15:00:42'),
(31, 14, 81, 'Nuovo acquisto della carta', 3, 3, 0, '2019-07-04 15:22:33', '2019-07-04 15:22:33'),
(32, 11, 90, 'Nuovo acquisto della carta', 3, 3, 1, '2019-07-09 12:30:07', '2019-07-04 15:28:51'),
(33, 14, 81, 'Nuovo acquisto della carta', 3, 3, 0, '2019-07-04 15:29:11', '2019-07-04 15:29:11'),
(34, 14, 81, 'Nuovo acquisto della carta', 3, 3, 0, '2019-07-04 15:33:35', '2019-07-04 15:33:35'),
(35, 14, 81, 'Nuovo acquisto della carta', 3, 3, 0, '2019-07-04 15:37:05', '2019-07-04 15:37:05'),
(36, 90, 91, 'Nuovo registro promotore', 1, 2, 0, '2019-07-04 15:39:32', '2019-07-04 15:39:32'),
(37, 14, 92, 'Nuovo acquisto della carta', 3, 3, 0, '2019-07-04 15:43:43', '2019-07-04 15:43:43'),
(38, 91, 87, 'Nuovo acquisto della carta', 3, 3, 0, '2019-07-04 16:05:41', '2019-07-04 16:05:41'),
(39, 91, 93, 'Nuovo acquisto della carta', 3, 3, 0, '2019-07-04 16:58:35', '2019-07-04 16:58:35'),
(40, 90, 89, 'Nuovo acquisto della carta', 3, 3, 0, '2019-07-04 18:41:59', '2019-07-04 18:41:59'),
(41, 90, 94, 'Nuovo registro promotore', 1, 2, 0, '2019-07-04 18:58:43', '2019-07-04 18:58:43'),
(42, 90, 95, 'Nuovo registro Affiliati', 1, 4, 0, '2019-07-04 19:14:29', '2019-07-04 19:14:29'),
(43, 0, 94, 'Livello di aggiornamento del promotore', 2, 2, 0, '2019-07-04 19:27:07', '2019-07-04 19:27:07'),
(44, 0, 91, 'Livello di aggiornamento del promotore', 2, 2, 0, '2019-07-05 13:35:08', '2019-07-05 13:35:08'),
(45, 91, 96, 'Nuovo registro promotore', 1, 2, 0, '2019-07-05 13:45:55', '2019-07-05 13:45:55'),
(46, 0, 96, 'Livello di aggiornamento del promotore', 2, 2, 0, '2019-07-05 13:48:18', '2019-07-05 13:48:18'),
(47, 0, 96, 'Livello di aggiornamento del promotore', 2, 2, 0, '2019-07-05 14:09:52', '2019-07-05 14:09:52'),
(48, 91, 97, 'Nuovo registro Affiliati', 1, 4, 0, '2019-07-05 15:02:38', '2019-07-05 15:02:38'),
(49, 96, 98, 'Nuovo registro promotore', 1, 2, 0, '2019-07-05 15:19:11', '2019-07-05 15:19:11'),
(50, 0, 98, 'Livello di aggiornamento del promotore', 2, 2, 0, '2019-07-05 15:21:53', '2019-07-05 15:21:53'),
(51, 98, 99, 'Nuovo registro promotore', 1, 2, 0, '2019-07-05 16:36:42', '2019-07-05 16:36:42'),
(52, 98, 100, 'Nuovo registro promotore', 1, 2, 0, '2019-07-05 16:40:39', '2019-07-05 16:40:39'),
(53, 0, 99, 'Livello di aggiornamento del promotore', 2, 2, 0, '2019-07-05 16:49:28', '2019-07-05 16:49:28'),
(54, 99, 101, 'Nuovo registro promotore', 1, 2, 0, '2019-07-05 16:53:51', '2019-07-05 16:53:51'),
(55, 0, 101, 'Livello di aggiornamento del promotore', 2, 2, 0, '2019-07-05 17:02:43', '2019-07-05 17:02:43'),
(56, 101, 102, 'Nuovo registro promotore', 1, 2, 0, '2019-07-05 17:35:20', '2019-07-05 17:35:20'),
(57, 0, 102, 'Livello di aggiornamento del promotore', 2, 2, 0, '2019-07-05 17:39:04', '2019-07-05 17:39:04'),
(58, 102, 103, 'Nuovo registro promotore', 1, 2, 0, '2019-07-05 17:45:12', '2019-07-05 17:45:12'),
(59, 98, 104, 'Nuovo registro promotore', 1, 2, 0, '2019-07-05 17:58:09', '2019-07-05 17:58:09'),
(60, 0, 104, 'Livello di aggiornamento del promotore', 2, 2, 0, '2019-07-05 18:03:20', '2019-07-05 18:03:20'),
(61, 0, 103, 'Livello di aggiornamento del promotore', 2, 2, 0, '2019-07-05 18:11:09', '2019-07-05 18:11:09'),
(62, 104, 105, 'Nuovo registro promotore', 1, 2, 0, '2019-07-05 18:54:18', '2019-07-05 18:54:18'),
(63, 0, 106, 'Nuovo registro promotore', 1, 2, 0, '2019-07-05 18:54:20', '2019-07-05 18:54:20'),
(64, 0, 105, 'Livello di aggiornamento del promotore', 2, 2, 0, '2019-07-05 18:56:52', '2019-07-05 18:56:52'),
(65, 0, 104, 'Livello di aggiornamento del promotore', 2, 2, 0, '2019-07-05 19:08:28', '2019-07-05 19:08:28'),
(66, 0, 105, 'Livello di aggiornamento del promotore', 2, 2, 0, '2019-07-05 19:11:24', '2019-07-05 19:11:24'),
(67, 0, 96, 'Livello di aggiornamento del promotore', 2, 2, 0, '2019-07-08 13:02:01', '2019-07-08 13:02:01'),
(68, 0, 108, 'Livello di aggiornamento del promotore', 2, 2, 0, '2019-07-08 14:48:48', '2019-07-08 14:48:48'),
(69, 108, 109, 'Nuovo registro promotore', 1, 2, 0, '2019-07-08 15:08:08', '2019-07-08 15:08:08'),
(70, 108, 110, 'Nuovo registro promotore', 1, 2, 0, '2019-07-08 15:20:36', '2019-07-08 15:20:36'),
(71, 110, 111, 'Nuovo registro promotore', 1, 2, 0, '2019-07-08 15:58:05', '2019-07-08 15:58:05'),
(72, 0, 90, 'Livello di aggiornamento del promotore', 2, 2, 0, '2019-07-08 16:35:15', '2019-07-08 16:35:15'),
(73, 0, 109, 'Livello di aggiornamento del promotore', 2, 2, 0, '2019-07-08 16:44:04', '2019-07-08 16:44:04'),
(74, 0, 111, 'Livello di aggiornamento del promotore', 2, 2, 0, '2019-07-08 16:55:42', '2019-07-08 16:55:42'),
(75, 111, 112, 'Nuovo registro promotore', 1, 2, 0, '2019-07-08 18:11:55', '2019-07-08 18:11:55'),
(76, 0, 112, 'Livello di aggiornamento del promotore', 2, 2, 0, '2019-07-08 18:15:34', '2019-07-08 18:15:34'),
(77, 104, 113, 'Nuovo registro Affiliati', 1, 4, 0, '2019-07-08 18:18:09', '2019-07-08 18:18:09'),
(78, 0, 108, 'Livello di aggiornamento del promotore', 2, 2, 0, '2019-07-08 18:21:27', '2019-07-08 18:21:27'),
(79, 104, 114, 'Nuovo registro Affiliati', 1, 4, 0, '2019-07-08 18:44:52', '2019-07-08 18:44:52'),
(80, 0, 112, 'Livello di aggiornamento del promotore', 2, 2, 0, '2019-07-08 19:19:23', '2019-07-08 19:19:23'),
(81, 104, 87, 'Nuovo acquisto della carta', 3, 3, 0, '2019-07-08 19:36:26', '2019-07-08 19:36:26'),
(82, 96, 115, 'Nuovo registro Affiliati', 1, 4, 0, '2019-07-08 19:40:32', '2019-07-08 19:40:32'),
(83, 105, 116, 'Nuovo registro Affiliati', 1, 4, 0, '2019-07-08 20:29:19', '2019-07-08 20:29:19'),
(84, 105, 33, 'Nuovo acquisto della carta', 3, 3, 0, '2019-07-08 21:56:54', '2019-07-08 21:56:54'),
(85, 0, 98, 'Livello di aggiornamento del promotore', 2, 2, 0, '2019-07-08 23:13:50', '2019-07-08 23:13:50'),
(86, 112, 117, 'Nuovo registro promotore', 1, 2, 0, '2019-07-09 13:48:22', '2019-07-09 13:48:22'),
(87, 0, 108, 'Livello di aggiornamento del promotore', 2, 2, 0, '2019-07-09 14:52:43', '2019-07-09 14:52:43'),
(88, 0, 20, 'Livello di aggiornamento del promotore', 2, 2, 0, '2019-07-09 14:57:16', '2019-07-09 14:57:16'),
(89, 0, 20, 'Livello di aggiornamento del promotore', 2, 2, 0, '2019-07-09 15:00:03', '2019-07-09 15:00:03'),
(90, 0, 20, 'Livello di aggiornamento del promotore', 2, 2, 0, '2019-07-09 15:11:37', '2019-07-09 15:11:37'),
(91, 0, 117, 'Livello di aggiornamento del promotore', 2, 2, 0, '2019-07-09 15:32:51', '2019-07-09 15:32:51'),
(92, 117, 118, 'Nuovo registro promotore', 1, 2, 0, '2019-07-09 15:34:27', '2019-07-09 15:34:27'),
(93, 20, 119, 'Nuovo acquisto della carta', 3, 3, 0, '2019-07-09 15:44:41', '2019-07-09 15:44:41'),
(94, 0, 118, 'Livello di aggiornamento del promotore', 2, 2, 0, '2019-07-09 15:51:59', '2019-07-09 15:51:59'),
(95, 0, 118, 'Livello di aggiornamento del promotore', 2, 2, 0, '2019-07-09 16:52:45', '2019-07-09 16:52:45'),
(96, 0, 108, 'Livello di aggiornamento del promotore', 2, 2, 0, '2019-07-09 18:22:40', '2019-07-09 18:22:40'),
(97, 105, 120, 'Nuovo acquisto della carta', 3, 3, 0, '2019-07-09 18:23:01', '2019-07-09 18:23:01'),
(98, 98, 121, 'Nuovo acquisto della carta', 3, 3, 0, '2019-07-09 18:31:07', '2019-07-09 18:31:07'),
(99, 0, 118, 'Livello di aggiornamento del promotore', 2, 2, 0, '2019-07-09 18:38:19', '2019-07-09 18:38:19'),
(100, 0, 108, 'Livello di aggiornamento del promotore', 2, 2, 0, '2019-07-09 18:54:20', '2019-07-09 18:54:20'),
(101, 105, 39, 'Nuovo acquisto della carta', 3, 3, 0, '2019-07-09 18:54:24', '2019-07-09 18:54:24'),
(102, 0, 117, 'Livello di aggiornamento del promotore', 2, 2, 0, '2019-07-09 18:56:20', '2019-07-09 18:56:20'),
(103, 0, 108, 'Livello di aggiornamento del promotore', 2, 2, 0, '2019-07-09 19:07:11', '2019-07-09 19:07:11'),
(104, 98, 122, 'Nuovo registro Affiliati', 1, 4, 0, '2019-07-09 19:12:57', '2019-07-09 19:12:57'),
(105, 0, 108, 'Livello di aggiornamento del promotore', 2, 2, 0, '2019-07-09 19:16:27', '2019-07-09 19:16:27'),
(106, 59, 123, 'Nuovo acquisto della carta', 3, 3, 0, '2019-07-09 20:19:50', '2019-07-09 20:19:50'),
(107, 117, 124, 'Nuovo acquisto della carta', 3, 3, 0, '2019-07-09 21:17:02', '2019-07-09 21:17:02'),
(108, 0, 117, 'Livello di aggiornamento del promotore', 2, 2, 0, '2019-07-10 11:51:50', '2019-07-10 11:51:50'),
(109, 90, 125, 'Nuovo acquisto della carta', 3, 3, 0, '2019-07-10 13:12:10', '2019-07-10 13:12:10'),
(110, 0, 118, 'Livello di aggiornamento del promotore', 2, 2, 0, '2019-07-10 14:00:17', '2019-07-10 14:00:17'),
(111, 59, 126, 'Nuovo acquisto della carta', 3, 3, 0, '2019-07-10 14:04:52', '2019-07-10 14:04:52'),
(112, 0, 118, 'Livello di aggiornamento del promotore', 2, 2, 0, '2019-07-10 14:14:16', '2019-07-10 14:14:16'),
(113, 39, 127, 'Nuovo acquisto della carta', 3, 3, 0, '2019-07-10 14:18:12', '2019-07-10 14:18:12'),
(114, 20, 128, 'Nuovo acquisto della carta', 3, 3, 0, '2019-07-10 14:33:02', '2019-07-10 14:33:02'),
(115, 0, 108, 'Livello di aggiornamento del promotore', 2, 2, 0, '2019-07-10 14:33:37', '2019-07-10 14:33:37'),
(116, 0, 118, 'Livello di aggiornamento del promotore', 2, 2, 0, '2019-07-10 14:45:41', '2019-07-10 14:45:41'),
(117, 0, 108, 'Livello di aggiornamento del promotore', 2, 2, 0, '2019-07-10 15:00:47', '2019-07-10 15:00:47'),
(118, 0, 108, 'Livello di aggiornamento del promotore', 2, 2, 0, '2019-07-10 15:09:31', '2019-07-10 15:09:31'),
(119, 0, 117, 'Livello di aggiornamento del promotore', 2, 2, 0, '2019-07-10 15:32:02', '2019-07-10 15:32:02'),
(120, 109, 129, 'Nuovo registro promotore', 1, 2, 0, '2019-07-10 16:21:26', '2019-07-10 16:21:26'),
(121, 109, 130, 'Nuovo registro promotore', 1, 2, 0, '2019-07-10 17:03:29', '2019-07-10 17:03:29'),
(122, 79, 131, 'Nuovo acquisto della carta', 3, 3, 0, '2019-07-10 18:45:56', '2019-07-10 18:45:56'),
(123, 104, 132, 'Nuovo registro promotore', 1, 2, 0, '2019-07-10 20:01:06', '2019-07-10 20:01:06'),
(124, 11, 131, 'Nuovo acquisto della carta', 3, 3, 0, '2019-07-10 20:17:12', '2019-07-10 20:17:12'),
(125, 11, 131, 'Nuovo acquisto della carta', 3, 3, 0, '2019-07-10 20:21:54', '2019-07-10 20:21:54'),
(126, 11, 131, 'Nuovo acquisto della carta', 3, 3, 1, '2019-07-17 15:45:37', '2019-07-10 20:30:51'),
(127, 11, 131, 'Nuovo acquisto della carta', 3, 3, 0, '2019-07-10 20:40:35', '2019-07-10 20:40:35'),
(128, 11, 133, 'Nuovo acquisto della carta', 3, 3, 0, '2019-07-10 20:44:40', '2019-07-10 20:44:40'),
(129, 0, 130, 'Livello di aggiornamento del promotore', 2, 2, 0, '2019-07-11 11:57:07', '2019-07-11 11:57:07'),
(130, 130, 134, 'Nuovo registro promotore', 1, 2, 0, '2019-07-11 11:58:29', '2019-07-11 11:58:29'),
(131, 130, 135, 'Nuovo registro promotore', 1, 2, 0, '2019-07-11 12:08:40', '2019-07-11 12:08:40'),
(132, 11, 131, 'Nuovo acquisto della carta', 3, 3, 1, '2019-07-17 15:45:32', '2019-07-11 12:32:54'),
(133, 0, 135, 'Livello di aggiornamento del promotore', 2, 2, 0, '2019-07-11 12:34:49', '2019-07-11 12:34:49'),
(134, 135, 136, 'Nuovo registro promotore', 1, 2, 0, '2019-07-11 12:41:12', '2019-07-11 12:41:12'),
(135, 0, 136, 'Livello di aggiornamento del promotore', 2, 2, 0, '2019-07-11 13:39:55', '2019-07-11 13:39:55'),
(136, 136, 137, 'Nuovo registro promotore', 1, 2, 0, '2019-07-11 13:57:07', '2019-07-11 13:57:07'),
(137, 0, 137, 'Livello di aggiornamento del promotore', 2, 2, 0, '2019-07-11 14:20:41', '2019-07-11 14:20:41'),
(138, 137, 138, 'Nuovo registro promotore', 1, 2, 0, '2019-07-11 14:53:18', '2019-07-11 14:53:18'),
(139, 0, 138, 'Livello di aggiornamento del promotore', 2, 2, 0, '2019-07-11 15:02:55', '2019-07-11 15:02:55'),
(140, 105, 139, 'Nuovo acquisto della carta', 3, 3, 0, '2019-07-11 15:04:20', '2019-07-11 15:04:20'),
(141, 138, 140, 'Nuovo registro promotore', 1, 2, 0, '2019-07-11 15:36:50', '2019-07-11 15:36:50'),
(142, 0, 140, 'Livello di aggiornamento del promotore', 2, 2, 0, '2019-07-11 15:52:45', '2019-07-11 15:52:45'),
(143, 140, 141, 'Nuovo registro promotore', 1, 2, 0, '2019-07-11 16:01:10', '2019-07-11 16:01:10'),
(144, 0, 141, 'Livello di aggiornamento del promotore', 2, 2, 0, '2019-07-11 16:05:26', '2019-07-11 16:05:26'),
(145, 141, 142, 'Nuovo registro promotore', 1, 2, 0, '2019-07-11 16:18:59', '2019-07-11 16:18:59'),
(146, 0, 142, 'Livello di aggiornamento del promotore', 2, 2, 0, '2019-07-11 16:29:25', '2019-07-11 16:29:25'),
(147, 142, 143, 'Nuovo registro promotore', 1, 2, 0, '2019-07-11 16:35:24', '2019-07-11 16:35:24'),
(148, 0, 143, 'Livello di aggiornamento del promotore', 2, 2, 0, '2019-07-11 16:40:25', '2019-07-11 16:40:25'),
(149, 143, 144, 'Nuovo registro promotore', 1, 2, 0, '2019-07-11 16:45:10', '2019-07-11 16:45:10'),
(150, 0, 144, 'Livello di aggiornamento del promotore', 2, 2, 0, '2019-07-11 16:47:38', '2019-07-11 16:47:38'),
(151, 144, 145, 'Nuovo registro promotore', 1, 2, 0, '2019-07-11 16:53:29', '2019-07-11 16:53:29'),
(152, 0, 130, 'Livello di aggiornamento del promotore', 2, 2, 0, '2019-07-11 17:25:10', '2019-07-11 17:25:10'),
(153, 0, 145, 'Livello di aggiornamento del promotore', 2, 2, 0, '2019-07-11 17:32:51', '2019-07-11 17:32:51'),
(154, 145, 146, 'Nuovo registro promotore', 1, 2, 0, '2019-07-11 17:40:06', '2019-07-11 17:40:06'),
(155, 0, 146, 'Livello di aggiornamento del promotore', 2, 2, 0, '2019-07-11 18:17:45', '2019-07-11 18:17:45'),
(156, 0, 146, 'Livello di aggiornamento del promotore', 2, 2, 0, '2019-07-11 18:37:32', '2019-07-11 18:37:32'),
(157, 0, 104, 'Livello di aggiornamento del promotore', 2, 2, 0, '2019-07-11 19:21:50', '2019-07-11 19:21:50'),
(158, 0, 98, 'Livello di aggiornamento del promotore', 2, 2, 0, '2019-07-11 19:49:02', '2019-07-11 19:49:02'),
(159, 91, 147, 'Nuovo acquisto della carta', 3, 3, 0, '2019-07-11 19:59:27', '2019-07-11 19:59:27'),
(160, 91, 148, 'Nuovo registro Affiliati', 1, 4, 1, '2019-07-17 15:45:59', '2019-07-11 20:08:40'),
(161, 0, 130, 'Livello di aggiornamento del promotore', 2, 2, 0, '2019-07-12 12:03:53', '2019-07-12 12:03:53'),
(162, 0, 130, 'Livello di aggiornamento del promotore', 2, 2, 0, '2019-07-12 12:20:43', '2019-07-12 12:20:43'),
(163, 0, 130, 'Livello di aggiornamento del promotore', 2, 2, 0, '2019-07-12 12:34:12', '2019-07-12 12:34:12'),
(164, 0, 130, 'Livello di aggiornamento del promotore', 2, 2, 0, '2019-07-12 14:28:23', '2019-07-12 14:28:23'),
(165, 0, 137, 'Livello di aggiornamento del promotore', 2, 2, 0, '2019-07-12 15:25:46', '2019-07-12 15:25:46'),
(166, 0, 130, 'Livello di aggiornamento del promotore', 2, 2, 0, '2019-07-12 16:53:52', '2019-07-12 16:53:52'),
(167, 0, 130, 'Livello di aggiornamento del promotore', 2, 2, 0, '2019-07-12 17:02:48', '2019-07-12 17:02:48'),
(168, 0, 130, 'Livello di aggiornamento del promotore', 2, 2, 0, '2019-07-12 17:07:09', '2019-07-12 17:07:09'),
(169, 0, 11, 'Livello di aggiornamento del promotore', 2, 2, 0, '2019-07-12 17:19:19', '2019-07-12 17:19:19'),
(170, 0, 11, 'Livello di aggiornamento del promotore', 2, 2, 0, '2019-07-12 17:19:47', '2019-07-12 17:19:47'),
(171, 0, 11, 'Livello di aggiornamento del promotore', 2, 2, 0, '2019-07-12 17:20:16', '2019-07-12 17:20:16'),
(172, 0, 11, 'Livello di aggiornamento del promotore', 2, 2, 0, '2019-07-12 17:20:41', '2019-07-12 17:20:41'),
(173, 0, 137, 'Livello di aggiornamento del promotore', 2, 2, 0, '2019-07-12 17:28:13', '2019-07-12 17:28:13'),
(174, 0, 109, 'Livello di aggiornamento del promotore', 2, 2, 0, '2019-07-12 18:17:35', '2019-07-12 18:17:35'),
(175, 0, 109, 'Livello di aggiornamento del promotore', 2, 2, 0, '2019-07-12 18:25:36', '2019-07-12 18:25:36'),
(176, 0, 109, 'Livello di aggiornamento del promotore', 2, 2, 0, '2019-07-12 18:27:07', '2019-07-12 18:27:07'),
(177, 0, 109, 'Livello di aggiornamento del promotore', 2, 2, 0, '2019-07-12 18:29:09', '2019-07-12 18:29:09'),
(178, 0, 109, 'Livello di aggiornamento del promotore', 2, 2, 0, '2019-07-12 18:30:32', '2019-07-12 18:30:32'),
(179, 0, 109, 'Livello di aggiornamento del promotore', 2, 2, 0, '2019-07-12 18:39:24', '2019-07-12 18:39:24'),
(180, 0, 149, 'Livello di aggiornamento del promotore', 2, 2, 0, '2019-07-12 20:51:21', '2019-07-12 20:51:21'),
(181, 149, 150, 'Nuovo registro Affiliati', 1, 4, 0, '2019-07-12 21:02:02', '2019-07-12 21:02:02'),
(182, 0, 136, 'Livello di aggiornamento del promotore', 2, 2, 0, '2019-07-15 13:38:13', '2019-07-15 13:38:13'),
(183, 91, 151, 'Nuovo registro promotore', 1, 2, 0, '2019-07-15 21:06:36', '2019-07-15 21:06:36'),
(184, 0, 11, 'Livello di aggiornamento del promotore', 2, 2, 0, '2019-07-15 21:40:24', '2019-07-15 21:40:24'),
(185, 0, 90, 'Livello di aggiornamento del promotore', 2, 2, 0, '2019-07-15 21:47:19', '2019-07-15 21:47:19'),
(186, 0, 149, 'Livello di aggiornamento del promotore', 2, 2, 0, '2019-07-15 21:49:53', '2019-07-15 21:49:53'),
(187, 135, 154, 'Nuovo acquisto della carta', 3, 3, 0, '2019-07-16 16:45:41', '2019-07-16 16:45:41'),
(188, 136, 154, 'Nuovo acquisto della carta', 3, 3, 0, '2019-07-16 17:13:59', '2019-07-16 17:13:59'),
(189, 141, 155, 'Nuovo acquisto della carta', 3, 3, 0, '2019-07-16 19:18:54', '2019-07-16 19:18:54'),
(190, 91, 156, 'Nuovo registro promotore', 1, 2, 1, '2019-07-17 12:32:51', '2019-07-16 20:23:30'),
(191, 141, 157, 'Nuovo acquisto della carta', 3, 3, 0, '2019-07-17 13:44:29', '2019-07-17 13:44:29'),
(192, 98, 158, 'Nuovo acquisto della carta', 3, 3, 0, '2019-07-17 14:52:43', '2019-07-17 14:52:43'),
(193, 143, 159, 'Nuovo acquisto della carta', 3, 3, 0, '2019-07-17 15:08:07', '2019-07-17 15:08:07'),
(194, 88, 160, 'Nuovo acquisto della carta', 3, 3, 0, '2019-07-17 15:11:59', '2019-07-17 15:11:59'),
(195, 143, 161, 'Nuovo registro Affiliati', 1, 4, 1, '2019-07-17 21:24:50', '2019-07-17 18:27:10'),
(196, 143, 162, 'Nuovo registro promotore', 1, 2, 0, '2019-07-17 18:39:42', '2019-07-17 18:39:42'),
(197, 136, 163, 'Nuovo registro promotore', 1, 2, 0, '2019-07-18 16:59:50', '2019-07-18 16:59:50'),
(198, 136, 164, 'Nuovo registro promotore', 1, 2, 0, '2019-07-18 17:27:50', '2019-07-18 17:27:50'),
(199, 0, 165, 'Nuovo registro Affiliati', 1, 4, 0, '2019-07-19 17:05:06', '2019-07-19 17:05:06'),
(200, 0, 166, 'Nuovo registro Affiliati', 1, 4, 0, '2019-07-19 17:29:43', '2019-07-19 17:29:43'),
(201, 0, 167, 'Nuovo registro Affiliati', 1, 4, 0, '2019-07-22 13:13:15', '2019-07-22 13:13:15'),
(202, 0, 168, 'Nuovo registro promotore', 1, 2, 0, '2019-07-22 13:19:00', '2019-07-22 13:19:00'),
(203, 0, 169, 'Nuovo registro Affiliati', 1, 4, 0, '2019-07-22 14:07:45', '2019-07-22 14:07:45'),
(204, 0, 170, 'Nuovo registro Affiliati', 1, 4, 0, '2019-07-22 14:19:31', '2019-07-22 14:19:31'),
(205, 108, 171, 'Nuovo registro promotore', 1, 2, 0, '2019-07-24 15:03:27', '2019-07-24 15:03:27'),
(206, 109, 172, 'Nuovo registro promotore', 1, 2, 0, '2019-07-24 15:12:24', '2019-07-24 15:12:24'),
(207, 109, 173, 'Nuovo registro promotore', 1, 2, 0, '2019-07-24 16:13:24', '2019-07-24 16:13:24'),
(208, 0, 172, 'Livello di aggiornamento del promotore', 2, 2, 0, '2019-07-24 16:19:52', '2019-07-24 16:19:52'),
(209, 172, 174, 'Nuovo registro promotore', 1, 2, 0, '2019-07-24 16:24:29', '2019-07-24 16:24:29'),
(210, 142, 175, 'Nuovo registro promotore', 1, 2, 0, '2019-07-24 16:36:12', '2019-07-24 16:36:12'),
(211, 108, 176, 'Nuovo registro promotore', 1, 2, 0, '2019-07-24 17:05:37', '2019-07-24 17:05:37');

-- --------------------------------------------------------

--
-- Table structure for table `order_detail`
--

CREATE TABLE `order_detail` (
  `id` int(10) NOT NULL,
  `product_id` int(20) DEFAULT NULL,
  `checkout_id` int(10) DEFAULT NULL,
  `user_id` int(10) DEFAULT NULL,
  `product_name` varchar(100) DEFAULT NULL,
  `product_price` varchar(10) DEFAULT NULL,
  `total_price` varchar(10) DEFAULT NULL,
  `paid_id` int(20) DEFAULT NULL,
  `qr_code` text,
  `status` enum('0','1') NOT NULL DEFAULT '1',
  `created_at` datetime NOT NULL,
  `updated_at` datetime NOT NULL,
  `expiry_date` datetime DEFAULT NULL
) ENGINE=InnoDB DEFAULT CHARSET=latin1;

--
-- Dumping data for table `order_detail`
--

INSERT INTO `order_detail` (`id`, `product_id`, `checkout_id`, `user_id`, `product_name`, `product_price`, `total_price`, `paid_id`, `qr_code`, `status`, `created_at`, `updated_at`, `expiry_date`) VALUES
(8, 2, 8, 89, 'Gold', '1', '1.00', 21, '51143517.png', '1', '2019-07-03 20:16:13', '2019-07-03 20:16:13', '2019-08-03 08:16:09'),
(9, 2, 9, 89, 'Gold', '2', '2.00', 22, '277439401.png', '1', '2019-07-03 20:24:01', '2019-07-03 20:24:01', '2019-08-03 08:24:01'),
(10, 2, 10, 81, 'Gold', '2', '2.00', 25, '1884755864.png', '1', '2019-07-04 10:22:35', '2019-07-04 10:22:35', '2019-08-04 10:22:33'),
(11, 3, 11, 90, 'Silver', '1', '1.00', 26, '525339473.png', '1', '2019-07-04 10:28:51', '2019-07-04 10:28:51', '2019-09-04 10:28:51'),
(15, 2, 15, 92, 'Gold', '2', '2.00', 31, '482910174.png', '1', '2019-07-04 10:43:43', '2019-07-04 10:43:43', '2019-08-04 10:43:43'),
(16, 4, 16, 87, 'platinum', '1', '1.00', 32, '1751241497.png', '1', '2019-07-04 11:05:41', '2019-07-04 11:05:41', '2019-10-04 11:05:41'),
(17, 2, 17, 93, 'Gold', '1', '1.00', 33, '2115017473.png', '1', '2019-07-04 11:58:38', '2019-07-04 11:58:38', '2019-08-04 11:58:35'),
(18, 2, 18, 89, 'Gold', '1', '1.00', 34, '1373799099.png', '1', '2019-07-04 13:42:01', '2019-07-04 13:42:01', '2019-08-04 01:41:59'),
(19, 2, 19, 87, 'Gold', '1', '1.00', 64, '685136091.png', '1', '2019-07-08 14:36:29', '2019-07-08 14:36:29', '2019-08-08 02:36:26'),
(20, 2, 20, 33, 'Gold', '1', '1.00', 69, '368591424.png', '1', '2019-07-08 16:56:54', '2019-07-08 16:56:54', '2019-08-08 04:56:54'),
(22, 2, 22, 120, 'Gold', '1', '1.00', 82, '1808657701.png', '1', '2019-07-09 13:23:02', '2019-07-09 13:23:02', '2019-08-09 01:23:01'),
(23, 2, 23, 121, 'Gold', '1', '1.00', 83, '1716377669.png', '1', '2019-07-09 13:31:07', '2019-07-09 13:31:07', '2019-08-09 01:31:07'),
(24, 2, 24, 39, 'Gold', '1', '1.00', 86, '1203722343.png', '1', '2019-07-09 13:54:24', '2019-07-09 13:54:24', '2019-08-09 01:54:24'),
(25, 4, 25, 123, 'platinum', '1', '1.00', 91, '774676390.png', '1', '2019-07-09 15:20:06', '2019-07-09 15:20:06', '2019-10-09 03:19:50'),
(26, 3, 26, 124, 'Silver', '1', '1.00', 92, '147983411.png', '1', '2019-07-09 16:17:17', '2019-07-09 16:17:17', '2019-09-09 04:17:02'),
(27, 2, 27, 125, 'Gold', '1', '1.00', 94, '2094783440.png', '1', '2019-07-10 08:12:12', '2019-07-10 08:12:12', '2019-08-10 08:12:10'),
(28, 2, 28, 126, 'Gold', '1', '1.00', 100, '1050470993.png', '1', '2019-07-10 09:04:52', '2019-07-10 09:04:52', '2019-08-10 09:04:52'),
(29, 3, 29, 127, 'Silver', '1', '1.00', 102, '2006070463.png', '1', '2019-07-10 09:18:13', '2019-07-10 09:18:13', '2019-09-10 09:18:12'),
(30, 3, 30, 128, 'Silver', '1', '1.00', 103, '786302663.png', '1', '2019-07-10 09:33:02', '2019-07-10 09:33:02', '2019-09-10 09:33:02'),
(35, 4, 37, 131, 'platinum', '1', '1.00', 116, '151610175.png', '1', '2019-07-11 07:32:55', '2019-07-11 07:32:55', '2019-07-13 12:00:00'),
(36, 2, 38, 139, 'Gold', '1', '1.00', 121, '1918044165.png', '1', '2019-07-11 10:04:23', '2019-07-11 10:04:23', '2019-08-11 12:00:00'),
(37, 2, 39, 147, 'Gold', '1', '1.00', 133, '2079040310.png', '1', '2019-07-11 14:59:30', '2019-07-11 14:59:30', '2019-08-11 12:00:00'),
(38, 3, 40, 154, 'Silver', '1', '1.00', 166, '736345158.png', '1', '2019-07-16 11:45:43', '2019-07-16 11:45:43', '2019-09-16 12:00:00'),
(39, 2, 41, 154, 'Gold', '2', '2.00', 167, '1570780429.png', '1', '2019-07-16 12:13:59', '2019-07-16 12:13:59', '2019-07-21 12:00:00'),
(40, 4, 42, 155, 'platinum', '1', '1.00', 168, '1168354500.png', '1', '2019-07-16 14:18:57', '2019-07-16 14:18:57', '2019-08-16 12:00:00'),
(41, 4, 43, 157, 'platinum', '1', '1.00', 169, '925950625.png', '1', '2019-07-17 08:44:31', '2019-07-17 08:44:31', '2019-08-17 12:00:00'),
(42, 2, 44, 158, 'Gold', '1', '1.00', 170, '1465220543.png', '1', '2019-07-17 09:52:59', '2019-07-17 09:52:59', '2019-07-19 12:00:00'),
(43, 3, 45, 159, 'Silver', '1', '1.00', 171, '160138943.png', '1', '2019-07-17 10:08:23', '2019-07-17 10:08:23', '2019-09-17 12:00:00'),
(44, 3, 46, 160, 'Silver', '1', '1.00', 172, '2056405835.png', '1', '2019-07-17 10:12:14', '2019-07-17 10:12:14', '2019-09-17 12:00:00');

-- --------------------------------------------------------

--
-- Table structure for table `password_resets`
--

CREATE TABLE `password_resets` (
  `id` int(90) NOT NULL,
  `email` varchar(200) NOT NULL,
  `token` varchar(100) NOT NULL,
  `created_at` timestamp NOT NULL DEFAULT CURRENT_TIMESTAMP ON UPDATE CURRENT_TIMESTAMP
) ENGINE=InnoDB DEFAULT CHARSET=latin1;

-- --------------------------------------------------------

--
-- Table structure for table `payment_history`
--

CREATE TABLE `payment_history` (
  `id` int(90) NOT NULL,
  `txn_id` varchar(200) NOT NULL,
  `user_id` int(90) NOT NULL,
  `userName` varchar(100) NOT NULL,
  `currencyCode` varchar(5) NOT NULL,
  `paidAmount` varchar(100) NOT NULL,
  `status` varchar(20) NOT NULL,
  `payment_level` varchar(20) DEFAULT NULL COMMENT '[A]=>''Affi'',[F]=>''Founder'',[C]=>''Card''',
  `created_at` datetime NOT NULL,
  `updated_at` datetime NOT NULL
) ENGINE=InnoDB DEFAULT CHARSET=latin1;

--
-- Dumping data for table `payment_history`
--

INSERT INTO `payment_history` (`id`, `txn_id`, `user_id`, `userName`, `currencyCode`, `paidAmount`, `status`, `payment_level`, `created_at`, `updated_at`) VALUES
(21, '1H5838083Y3763239', 89, 'Francesco Gaetarelli', 'EUR', '1.00', 'Completed', 'C', '2019-07-03 20:16:09', '2019-07-03 20:16:09'),
(22, '61X70465E2628032U', 89, 'Francesco Gaetarelli', 'EUR', '2.00', 'Completed', 'C', '2019-07-03 20:24:01', '2019-07-03 20:24:01'),
(24, '45W6617287783332F', 90, 'Matteo', 'EUR', '0.01', 'Completed', 'BK2', '2019-07-04 10:00:42', '2019-07-04 10:00:42'),
(26, '42S46915F0233864K', 90, 'Matteo Lucci', 'EUR', '1.00', 'Completed', 'C', '2019-07-04 10:28:51', '2019-07-04 10:28:51'),
(32, '14A61121LJ260074M', 87, 'Riccardo De Peppo Cocco ', 'EUR', '1.00', 'Completed', 'C', '2019-07-04 11:05:41', '2019-07-04 11:05:41'),
(33, '8EU96143MN0875137', 93, 'mukesh bisht', 'EUR', '1.00', 'Completed', 'C', '2019-07-04 11:58:35', '2019-07-04 11:58:35'),
(34, '8P580271XD148600Y', 89, 'Francesco Gaetarelli', 'EUR', '1.00', 'Completed', 'C', '2019-07-04 13:41:59', '2019-07-04 13:41:59'),
(35, '1R739074CC423203M', 94, 'Francesco', 'EUR', '1.00', 'Completed', 'BK2', '2019-07-04 14:27:07', '2019-07-04 14:27:07'),
(36, '5SG46808BM8834350', 94, 'Francesco', 'EUR', '0.01', 'Completed', 'F', '2019-07-04 14:28:51', '2019-07-04 14:28:51'),
(37, '57U29297F97266011', 91, 'Sandro', 'EUR', '0.01', 'Completed', 'BK2', '2019-07-05 08:35:08', '2019-07-05 08:35:08'),
(38, '16F79903M1695754P', 96, 'Simone', 'EUR', '0.01', 'Completed', 'BK2', '2019-07-05 08:48:18', '2019-07-05 08:48:18'),
(40, '81B066116E2951835', 98, 'Giacomo', 'EUR', '0.01', 'Completed', 'BK2', '2019-07-05 10:21:53', '2019-07-05 10:21:53'),
(41, '9V343019602203440', 99, 'Daniel', 'EUR', '5.00', 'Completed', 'BK2', '2019-07-05 11:49:28', '2019-07-05 11:49:28'),
(42, '8MS19278E6486502E', 101, 'Domenico', 'EUR', '5.00', 'Completed', 'BK2', '2019-07-05 12:02:43', '2019-07-05 12:02:43'),
(43, '64806006EU158352R', 102, 'Samuel', 'EUR', '6.00', 'Completed', 'BK2', '2019-07-05 12:39:04', '2019-07-05 12:39:04'),
(44, '71J38945HN205803B', 104, 'Edoardo', 'EUR', '0.01', 'Completed', 'BK2', '2019-07-05 13:03:19', '2019-07-05 13:03:19'),
(45, '2FY96477Y6831782A', 103, 'Emanuele', 'EUR', '8.00', 'Completed', 'BK2', '2019-07-05 13:11:09', '2019-07-05 13:11:09'),
(46, '5LU12227LF600834D', 105, 'Fra', 'EUR', '10.00', 'Completed', 'BK2', '2019-07-05 13:56:52', '2019-07-05 13:56:52'),
(47, '2JK84778ER788045W', 104, 'Edoardo', 'EUR', '5.00', 'Completed', 'BK4', '2019-07-05 14:08:28', '2019-07-05 14:08:28'),
(48, '3DC109115N415532X', 105, 'Fra', 'EUR', '12.00', 'Completed', 'BK4', '2019-07-05 14:11:24', '2019-07-05 14:11:24'),
(49, '4JH79291Y7466612Y', 96, 'Simone', 'EUR', '12.00', 'Completed', 'BK4', '2019-07-08 08:02:01', '2019-07-08 08:02:01'),
(50, '5PG5384814769450X', 108, 'Traxy', 'EUR', '10.00', 'Completed', 'BK2', '2019-07-08 09:48:48', '2019-07-08 09:48:48'),
(51, '97M70910EE1969007', 110, 'Benjamin', 'EUR', '10.00', 'Completed', 'BK2', '2019-07-08 10:52:03', '2019-07-08 10:52:03'),
(52, '6G8633915U895154B', 90, 'Matteo', 'EUR', '12.00', 'Completed', 'BK4', '2019-07-08 11:35:15', '2019-07-08 11:35:15'),
(53, '6Y633295YN350522Y', 109, 'Alex', 'EUR', '10.00', 'Completed', 'BK2', '2019-07-08 11:44:04', '2019-07-08 11:44:04'),
(54, '8DN95570UB979554N', 111, 'Julian', 'EUR', '10.00', 'Completed', 'BK2', '2019-07-08 11:55:42', '2019-07-08 11:55:42'),
(55, '7BC36054A4567474N', 112, 'Alaistair', 'EUR', '10.00', 'Completed', 'BK2', '2019-07-08 13:15:34', '2019-07-08 13:15:34'),
(56, '0A1320055R399130R', 108, 'Traxy', 'EUR', '12.00', 'Completed', 'BK4', '2019-07-08 13:21:27', '2019-07-08 13:21:27'),
(57, '5E987366626954137', 113, 'Maddalena De Peppo Cocco', 'EUR', '1.00', 'Completed', 'A', '2019-07-08 13:28:05', '2019-07-08 13:28:05'),
(62, '01C58439TK880313J', 112, 'Alaistair', 'EUR', '12.00', 'Completed', 'BK4', '2019-07-08 14:19:23', '2019-07-08 14:19:23'),
(66, '7RJ47308J8724411X', 115, 'Aldon', 'EUR', '1.00', 'Completed', 'A', '2019-07-08 15:05:01', '2019-07-08 15:05:01'),
(68, '6VP82173XS535310W', 116, 'Francesco Terraneo', 'EUR', '1.00', 'Completed', 'A', '2019-07-08 15:44:37', '2019-07-08 15:44:37'),
(69, '8F660837A78805128', 33, 'sdcasdcsda', 'EUR', '1.00', 'Completed', 'C', '2019-07-08 16:56:54', '2019-07-08 16:56:54'),
(70, '2GN92802BA011535J', 98, 'Giacomo', 'EUR', '12.00', 'Completed', 'BK4', '2019-07-08 18:13:50', '2019-07-08 18:13:50'),
(71, '47L88412XJ042443N', 97, 'Riccardo Nin', 'EUR', '1.00', 'Completed', 'A', '2019-07-08 19:34:55', '2019-07-08 19:34:55'),
(72, '69M271080A581713B', 108, 'Traxy', 'EUR', '10.00', 'Completed', 'BK6', '2019-07-09 09:52:43', '2019-07-09 09:52:43'),
(77, '2M3059983D344530F', 117, 'Brice', 'EUR', '10.00', 'Completed', 'BK2', '2019-07-09 10:32:51', '2019-07-09 10:32:51'),
(79, '2HC360709F699300J', 118, 'Brock', 'EUR', '10.00', 'Completed', 'BK2', '2019-07-09 10:51:59', '2019-07-09 10:51:59'),
(80, '5ST82397N2642732F', 118, 'Brock', 'EUR', '12.00', 'Completed', 'BK4', '2019-07-09 11:52:45', '2019-07-09 11:52:45'),
(81, '89W47945E10853515', 108, 'Traxy', 'EUR', '10.00', 'Completed', 'BK8', '2019-07-09 13:22:40', '2019-07-09 13:22:40'),
(82, '0J452844J2067202T', 120, 'Riccardo Geta', 'EUR', '1.00', 'Completed', 'C', '2019-07-09 13:23:01', '2019-07-09 13:23:01'),
(83, '7JW451872P1292311', 121, 'Andrea Barbi', 'EUR', '1.00', 'Completed', 'C', '2019-07-09 13:31:07', '2019-07-09 13:31:07'),
(84, '8HT4105511526893C', 118, 'Brock', 'EUR', '10.00', 'Completed', 'BK6', '2019-07-09 13:38:19', '2019-07-09 13:38:19'),
(85, '3KS17531SJ025990E', 108, 'Traxy', 'EUR', '10.00', 'Completed', 'BK10', '2019-07-09 13:54:20', '2019-07-09 13:54:20'),
(86, '1V434358SD287150V', 39, 'Riccardo De Peppo Cocco', 'EUR', '1.00', 'Completed', 'C', '2019-07-09 13:54:24', '2019-07-09 13:54:24'),
(87, '50H175493N4111807', 117, 'Brice', 'EUR', '12.00', 'Completed', 'BK4', '2019-07-09 13:56:20', '2019-07-09 13:56:20'),
(89, '3X733391XP822541C', 108, 'Traxy', 'EUR', '10.00', 'Completed', 'BK12', '2019-07-09 14:16:27', '2019-07-09 14:16:27'),
(90, '3Y277378LB356100E', 122, 'Umberto De Peppo Cocco', 'EUR', '10.00', 'Completed', 'A', '2019-07-09 14:17:56', '2019-07-09 14:17:56'),
(91, '9A880202JS322263N', 123, 'Sofia', 'EUR', '1.00', 'Completed', 'C', '2019-07-09 15:19:50', '2019-07-09 15:19:50'),
(92, '87R0116162160881R', 124, 'Giulia', 'EUR', '1.00', 'Completed', 'C', '2019-07-09 16:17:02', '2019-07-09 16:17:02'),
(93, '6UC7591472462563T', 117, 'Brice', 'EUR', '10.00', 'Completed', 'BK6', '2019-07-10 06:51:50', '2019-07-10 06:51:50'),
(94, '73C66217PH373715G', 125, 'mukesh', 'EUR', '1.00', 'Completed', 'C', '2019-07-10 08:12:10', '2019-07-10 08:12:10'),
(95, '8W4457238H960294T', 108, 'Traxy', 'EUR', '10.00', 'Completed', 'P', '2019-07-10 08:27:19', '2019-07-10 08:27:19'),
(101, '2BX97059E3380684S', 118, 'Brock', 'EUR', '10.00', 'Completed', 'BK8', '2019-07-10 09:14:16', '2019-07-10 09:14:16'),
(104, '7RW354909R1920204', 108, 'Traxy', 'EUR', '10.00', 'Completed', 'PT', '2019-07-10 09:33:37', '2019-07-10 09:33:37'),
(105, '8E660376M55632723', 118, 'Brock', 'EUR', '10.00', 'Completed', 'BK10', '2019-07-10 09:45:41', '2019-07-10 09:45:41'),
(108, '3K401280E2677504S', 117, 'Brice', 'EUR', '10.00', 'Completed', 'BK8', '2019-07-10 10:32:02', '2019-07-10 10:32:02'),
(115, '9H842244635683333', 130, 'Darren', 'EUR', '10.00', 'Completed', 'BK2', '2019-07-11 06:57:07', '2019-07-11 06:57:07'),
(117, '66625732T3640594K', 135, 'Daniele', 'EUR', '10.00', 'Completed', 'BK2', '2019-07-11 07:34:49', '2019-07-11 07:34:49'),
(118, '7LB45023EB7613918', 136, 'Serena', 'EUR', '10.00', 'Completed', 'BK2', '2019-07-11 08:39:55', '2019-07-11 08:39:55'),
(119, '5XB17322678504547', 137, 'Alessandra', 'EUR', '10.00', 'Completed', 'BK2', '2019-07-11 09:20:41', '2019-07-11 09:20:41'),
(120, '9LK57612000386833', 138, 'Beatrice', 'EUR', '10.00', 'Completed', 'BK2', '2019-07-11 10:02:55', '2019-07-11 10:02:55'),
(121, '2M689783M3370941D', 139, 'Paolo Frassine', 'EUR', '1.00', 'Completed', 'C', '2019-07-11 10:04:20', '2019-07-11 10:04:20'),
(122, '53Y61927KB887804X', 140, 'Antonio', 'EUR', '10.00', 'Completed', 'BK2', '2019-07-11 10:52:45', '2019-07-11 10:52:45'),
(123, '0WA71943PS228234S', 141, 'Simone', 'EUR', '10.00', 'Completed', 'BK2', '2019-07-11 11:05:26', '2019-07-11 11:05:26'),
(124, '16V81125LV827954T', 142, 'Luigi', 'EUR', '10.00', 'Completed', 'BK2', '2019-07-11 11:29:25', '2019-07-11 11:29:25'),
(125, '1BS28542WV617083A', 143, 'Filippo', 'EUR', '10.00', 'Completed', 'BK2', '2019-07-11 11:40:25', '2019-07-11 11:40:25'),
(126, '7U060554H9705840C', 144, 'Anatole', 'EUR', '10.00', 'Completed', 'BK2', '2019-07-11 11:47:38', '2019-07-11 11:47:38'),
(127, '1GB04422UX2449135', 130, 'Darren', 'EUR', '12.00', 'Completed', 'BK4', '2019-07-11 12:25:10', '2019-07-11 12:25:10'),
(128, '8Y775375EF983925W', 145, 'Nathanael', 'EUR', '10.00', 'Completed', 'BK2', '2019-07-11 12:32:51', '2019-07-11 12:32:51'),
(129, '8R321271DX464112P', 146, 'Mathias', 'EUR', '10.00', 'Completed', 'BK2', '2019-07-11 13:17:45', '2019-07-11 13:17:45'),
(130, '7CM23954B2047625H', 146, 'Mathias', 'EUR', '12.00', 'Completed', 'BK4', '2019-07-11 13:37:32', '2019-07-11 13:37:32'),
(131, '2NJ43650HD7644734', 104, 'Edoardo', 'EUR', '10.00', 'Completed', 'BK6', '2019-07-11 14:21:50', '2019-07-11 14:21:50'),
(132, '1WU80116YD042533J', 98, 'Giacomo', 'EUR', '10.00', 'Completed', 'BK6', '2019-07-11 14:49:02', '2019-07-11 14:49:02'),
(133, '0CC14920Y2333854R', 147, 'Alessandro Peli', 'EUR', '1.00', 'Completed', 'C', '2019-07-11 14:59:27', '2019-07-11 14:59:27'),
(134, '9KA4925316749502C', 148, 'Matteo Sandrini', 'EUR', '10.00', 'Completed', 'A', '2019-07-11 15:10:16', '2019-07-11 15:10:16'),
(135, '0KB69416W2683580B', 130, 'Darren', 'EUR', '10.00', 'Completed', 'BK6', '2019-07-12 07:03:53', '2019-07-12 07:03:53'),
(136, '0UM039341K919883T', 130, 'Darren', 'EUR', '10.00', 'Completed', 'BK8', '2019-07-12 07:20:43', '2019-07-12 07:20:43'),
(137, '1EG47384SU226731A', 130, 'Darren', 'EUR', '10.00', 'Completed', 'BK10', '2019-07-12 07:34:12', '2019-07-12 07:34:12'),
(138, '5FE8671077860754X', 130, 'Darren', 'EUR', '10.00', 'Completed', 'BK12', '2019-07-12 09:28:23', '2019-07-12 09:28:23'),
(139, '1141914521255364P', 137, 'Alessandra', 'EUR', '12.00', 'Completed', 'BK4', '2019-07-12 10:25:46', '2019-07-12 10:25:46'),
(146, '6R996033AE918905F', 130, 'Darren', 'EUR', '10.00', 'Completed', 'P', '2019-07-12 12:07:09', '2019-07-12 12:07:09'),
(147, '3KR63500XL703981W', 11, 'Valentina', 'EUR', '10.00', 'Completed', 'BK6', '2019-07-12 12:19:19', '2019-07-12 12:19:19'),
(148, '1NS147957L956854E', 11, 'Valentina', 'EUR', '10.00', 'Completed', 'BK8', '2019-07-12 12:19:47', '2019-07-12 12:19:47'),
(149, '8CX35979AJ6007258', 11, 'Valentina', 'EUR', '10.00', 'Completed', 'BK10', '2019-07-12 12:20:16', '2019-07-12 12:20:16'),
(150, '2J196517RW659583A', 11, 'Valentina', 'EUR', '10.00', 'Completed', 'BK12', '2019-07-12 12:20:41', '2019-07-12 12:20:41'),
(151, '4AE35147CP926204X', 137, 'Alessandra', 'EUR', '10.00', 'Completed', 'BK6', '2019-07-12 12:28:13', '2019-07-12 12:28:13'),
(152, '6N065911VM123510Y', 109, 'Alex', 'EUR', '12.00', 'Completed', 'BK4', '2019-07-12 13:17:35', '2019-07-12 13:17:35'),
(153, '0GM68306U5473652C', 109, 'Alex', 'EUR', '10.00', 'Completed', 'BK6', '2019-07-12 13:25:36', '2019-07-12 13:25:36'),
(154, '1JA226511F990792B', 109, 'Alex', 'EUR', '10.00', 'Completed', 'BK8', '2019-07-12 13:27:07', '2019-07-12 13:27:07'),
(155, '20M06616525547023', 109, 'Alex', 'EUR', '10.00', 'Completed', 'BK10', '2019-07-12 13:29:09', '2019-07-12 13:29:09'),
(156, '3VR61874JK5711341', 109, 'Alex', 'EUR', '10.00', 'Completed', 'BK12', '2019-07-12 13:30:31', '2019-07-12 13:30:31'),
(157, '5SA55733HJ743042C', 109, 'Alex', 'EUR', '10.00', 'Completed', 'P', '2019-07-12 13:39:24', '2019-07-12 13:39:24'),
(158, '3KD85875E5352542P', 149, 'Federico', 'EUR', '10.00', 'Completed', 'BK2', '2019-07-12 15:51:21', '2019-07-12 15:51:21'),
(159, '3Y334185P1656305D', 150, 'Sara Terraneo', 'EUR', '10.00', 'Completed', 'A', '2019-07-12 16:08:53', '2019-07-12 16:08:53'),
(160, '2TY60354XP502933W', 136, 'Serena', 'EUR', '12.00', 'Completed', 'BK4', '2019-07-15 08:38:13', '2019-07-15 08:38:13'),
(161, '29P02832K4874620N', 11, 'Valentina', 'EUR', '10.00', 'Completed', 'P', '2019-07-15 16:40:24', '2019-07-15 16:40:24'),
(162, '4JL67310T0553234M', 90, 'Matteo', 'EUR', '10.00', 'Completed', 'BK6', '2019-07-15 16:47:19', '2019-07-15 16:47:19'),
(163, '6VY86172T9373670S', 149, 'Federico', 'EUR', '12.00', 'Completed', 'BK4', '2019-07-15 16:49:53', '2019-07-15 16:49:53'),
(166, '34931080CM935034R', 154, 'Berto', 'EUR', '1.00', 'Completed', 'C', '2019-07-16 11:45:41', '2019-07-16 11:45:41'),
(167, '7T025276EG824863B', 154, 'Sussan', 'EUR', '2.00', 'Completed', 'C', '2019-07-16 12:13:59', '2019-07-16 12:13:59'),
(168, '59076196XB5067354', 155, 'Albertoo', 'EUR', '1.00', 'Completed', 'C', '2019-07-16 14:18:54', '2019-07-16 14:18:54'),
(169, '4JS28954DR928153C', 157, 'Cathrin jone', 'EUR', '1.00', 'Completed', 'C', '2019-07-17 08:44:29', '2019-07-17 08:44:29'),
(170, '21S137238J080450G', 158, 'Alessandro Lucci', 'EUR', '1.00', 'Completed', 'C', '2019-07-17 09:52:43', '2019-07-17 09:52:43'),
(171, '6DA046600K585122J', 159, 'Cathy Jonas', 'EUR', '1.00', 'Completed', 'C', '2019-07-17 10:08:07', '2019-07-17 10:08:07'),
(172, '7NH68402G8674190C', 160, 'cathy taylor', 'EUR', '1.00', 'Completed', 'C', '2019-07-17 10:11:59', '2019-07-17 10:11:59'),
(175, '3H082592LG892525G', 57, 'Lorenzo', 'EUR', '30.00', 'Completed', 'A', '2019-07-17 12:57:46', '2019-07-17 12:57:46'),
(176, '83243960M04258314', 172, 'Loretta', 'EUR', '10.00', 'Completed', 'BK2', '2019-07-24 11:19:52', '2019-07-24 11:19:52');

-- --------------------------------------------------------

--
-- Table structure for table `paypal_setting`
--

CREATE TABLE `paypal_setting` (
  `id` int(10) NOT NULL,
  `business_id` varchar(100) NOT NULL,
  `paypal_type` enum('1','2') CHARACTER SET utf8mb4 COLLATE utf8mb4_unicode_ci NOT NULL DEFAULT '1' COMMENT '[1]=>''S'',[2]=>''P''',
  `created_at` datetime NOT NULL,
  `updated_at` datetime NOT NULL
) ENGINE=InnoDB DEFAULT CHARSET=latin1;

--
-- Dumping data for table `paypal_setting`
--

INSERT INTO `paypal_setting` (`id`, `business_id`, `paypal_type`, `created_at`, `updated_at`) VALUES
(1, 'testve@yopmail.com', '1', '2019-04-16 00:00:00', '2019-05-05 19:59:07');

-- --------------------------------------------------------

--
-- Table structure for table `set_reminder`
--

CREATE TABLE `set_reminder` (
  `id` int(10) NOT NULL,
  `reminder_type` int(20) DEFAULT NULL,
  `reminder_date` text,
  `created_at` datetime NOT NULL,
  `updated_at` datetime NOT NULL
) ENGINE=InnoDB DEFAULT CHARSET=latin1;

--
-- Dumping data for table `set_reminder`
--

INSERT INTO `set_reminder` (`id`, `reminder_type`, `reminder_date`, `created_at`, `updated_at`) VALUES
(7, 1, '[\"30\",\"20\",\"10\",\"5\",\"2\",\"1\"]', '2019-05-15 13:10:44', '2019-07-24 19:53:03'),
(9, 2, '[\"1\"]', '2019-05-17 18:44:45', '2019-06-20 17:28:21');

-- --------------------------------------------------------

--
-- Table structure for table `subscription_plans`
--

CREATE TABLE `subscription_plans` (
  `plan_id` int(11) NOT NULL,
  `subscription_name` varchar(255) DEFAULT NULL,
  `subscription_price` double DEFAULT NULL,
  `plan_type` int(11) DEFAULT NULL,
  `updated_at` timestamp NULL DEFAULT NULL,
  `created_at` timestamp NULL DEFAULT NULL
) ENGINE=InnoDB DEFAULT CHARSET=latin1;

--
-- Dumping data for table `subscription_plans`
--

INSERT INTO `subscription_plans` (`plan_id`, `subscription_name`, `subscription_price`, `plan_type`, `updated_at`, `created_at`) VALUES
(3, 'Affiliazione', 30, 2, '2019-07-17 21:16:26', '2019-05-20 21:13:37');

-- --------------------------------------------------------

--
-- Table structure for table `test`
--

CREATE TABLE `test` (
  `id` int(10) NOT NULL,
  `dr_name` varchar(200) NOT NULL,
  `patent_name` varchar(200) NOT NULL,
  `time` varchar(200) NOT NULL,
  `start_date` date NOT NULL,
  `end_date` text NOT NULL
) ENGINE=InnoDB DEFAULT CHARSET=utf8;

--
-- Dumping data for table `test`
--

INSERT INTO `test` (`id`, `dr_name`, `patent_name`, `time`, `start_date`, `end_date`) VALUES
(1, 'Stefano Scuri', 'lorenzo aranzulla', 'Controllo (10)', '2019-05-24', '2019-05-25'),
(3, 'Filippo Scuri', 'federico rossi', 'Visita approfondita (60)', '2019-05-23', '2019-05-24'),
(4, 'Filippo Scuri', 'luca rossi', 'Visita approfondita (60)', '2019-05-23', '2019-05-24'),
(5, 'Mario Rossi', 'federico rossi', 'Visita approfondita (60)', '2019-05-23', '2019-05-24'),
(6, 'Mario Rossi', 'luca rossi', 'Visita approfondita (60)', '2019-05-23', '2019-05-24'),
(7, 'Filippo Scuri', 'marco rossi', 'Intervento laser (90)', '2019-05-23', '0000-00-00'),
(8, 'Filippo Scuri', 'marco rossi', 'Intervento laser (90)', '2019-05-23', '0000-00-00'),
(9, 'Filippo Scuri', 'federico rossi', 'Intervento laser (90)', '2019-05-23', '0000-00-00'),
(10, 'Mario Rossi', 'marco rossi', 'Intervento laser (90)', '2019-05-23', '0000-00-00'),
(11, 'Mario Rossi', 'marco rossi', 'Intervento laser (90)', '2019-05-23', '0000-00-00'),
(12, 'Mario Rossi', 'federico rossi', 'Intervento laser (90)', '2019-05-23', '0000-00-00'),
(13, 'Mario Rossi', 'marco rossi', 'Controllo (10)', '2019-05-31', ''),
(14, 'Filippo Scuri', 'marco rossi', 'Intervento laser (90)', '2019-05-23', '04:05'),
(15, 'Mario Rossi', 'federico rossi', 'Controllo (10)', '2019-05-29', '15:33'),
(16, 'Mario Rossi', 'federico rossi', 'Controllo (10)', '2019-05-29', '15:33'),
(17, 'Stefano Scuri', 'lorenzo aranzulla', 'Intervento laser (90)', '2019-06-20', '14:34'),
(18, 'Stefano Scuri', 'federico rossi', 'Intervento laser (90)', '2019-06-20', '14:34'),
(19, 'Mario Rossi', 'lorenzo aranzulla', 'Intervento laser (90)', '2019-07-24', '16:55'),
(20, 'Mario Rossi', 'federico rossi', 'Intervento laser (90)', '2019-07-24', '16:55'),
(21, 'Mario Rossi', 'luca rossi', 'Intervento laser (90)', '2019-07-24', '16:55'),
(22, 'Mario Rossi', 'lorenzo aranzulla', 'Intervento laser (90)', '2019-05-22', '10:00'),
(23, 'Filippo Scuri', 'lorenzo aranzulla', 'Intervento laser (90)', '2019-06-06', '09:00'),
(24, 'Stefano Scuri', 'marco rossi', 'Controllo (10)', '2019-10-10', '09:00'),
(25, 'Filippo Scuri', 'marco rossi', 'Intervento laser (90)', '2019-07-18', '14:01'),
(26, 'Filippo Scuri', 'marco rossi', 'Intervento laser (90)', '2019-07-18', '14:01'),
(27, 'Mario Rossi', 'marco rossi', 'Controllo (10)', '2019-07-09', '01:01'),
(28, 'Mario Rossi', 'marco rossi', 'Controllo (10)', '2019-07-09', '01:01'),
(29, 'Mario Rossi', 'marco rossi', 'Controllo (10)', '2019-07-09', '01:01');

-- --------------------------------------------------------

--
-- Table structure for table `upgrade_pv_conversion`
--

CREATE TABLE `upgrade_pv_conversion` (
  `id` int(10) NOT NULL,
  `level` varchar(20) DEFAULT NULL,
  `point` int(20) DEFAULT NULL
) ENGINE=InnoDB DEFAULT CHARSET=latin1;

--
-- Dumping data for table `upgrade_pv_conversion`
--

INSERT INTO `upgrade_pv_conversion` (`id`, `level`, `point`) VALUES
(1, 'BK2', 30),
(2, 'BK4', 100),
(3, 'BK6', 100),
(4, 'BK8', 100),
(5, 'BK10', 70),
(6, 'BK12', 80),
(7, 'P', 85),
(8, 'PT', 90),
(9, 'PE', 95),
(10, 'AF', 10),
(11, 'SC', 70);

-- --------------------------------------------------------

--
-- Table structure for table `upload-card`
--

CREATE TABLE `upload-card` (
  `id` int(10) NOT NULL,
  `title` varchar(200) DEFAULT NULL,
  `image` text,
  `description` text,
  `status` enum('0','1') NOT NULL DEFAULT '1',
  `amount` int(10) DEFAULT NULL,
  `card_length` int(11) DEFAULT '0',
  `card_length_days` int(10) DEFAULT NULL,
  `created_at` datetime NOT NULL,
  `updated_at` datetime NOT NULL
) ENGINE=InnoDB DEFAULT CHARSET=latin1;

--
-- Dumping data for table `upload-card`
--

INSERT INTO `upload-card` (`id`, `title`, `image`, `description`, `status`, `amount`, `card_length`, `card_length_days`, `created_at`, `updated_at`) VALUES
(2, 'Gold', '1562244993.png', '<pre>\r\nLorem Ipsum is simply a fictitious text of the printing and composition industry. Lorem Ipsum has been the industry&#39;s standard dummy text since the 1500s, when it was unknown It survived only five centuries, but also the leap in electronic composition, remaining essentially unchanged. It has been published in the 1960s, with the publication of Letraset sheets and songs by Lorem Ipsum</pre>', '1', 1, 0, 2, '2019-05-01 12:38:08', '2019-07-17 08:23:08'),
(3, 'Silver', '1562245014.png', '<pre>\r\nLorem Ipsum &egrave; semplicemente un testo fittizio dell&#39;industria della stampa e della composizione. Lorem Ipsum &egrave; stato il testo fittizio standard del settore sin dal 1500, quando una stampante sconosciuta ha preso una cambusa di tipo e l&#39;ha codificata per creare un libro esemplificativo di tipo. &Egrave; sopravvissuto non solo a cinque secoli, ma anche al salto nella composizione elettronica, rimanendo sostanzialmente invariato. &Egrave; stato reso popolare negli anni &#39;60 con la pubblicazione di fogli Letraset contenenti brani di Lorem Ipsum e, pi&ugrave; recentemente, con software di desktop publishing come Aldus PageMaker che include versioni di Lorem Ipsum.</pre>\r\n\r\n<pre>\r\n\r\n&nbsp;</pre>', '1', 1, 2, NULL, '2019-05-01 12:38:50', '2019-07-09 15:17:18'),
(4, 'platinum', '1562245033.png', '<pre>\r\nLorem Ipsum &egrave; semplicemente un testo fittizio dell&#39;industria della stampa e della composizione. Lorem Ipsum &egrave; stato il testo fittizio standard del settore sin dal 1500, quando una stampante sconosciuta ha preso una cambusa di tipo e l&#39;ha codificata per creare un libro esemplificativo di tipo. &Egrave; sopravvissuto non solo a cinque secoli, ma anche al salto nella composizione elettronica, rimanendo sostanzialmente invariato. &Egrave; stato reso popolare negli anni &#39;60 con la pubblicazione di fogli Letraset contenenti brani di Lorem Ipsum e, pi&ugrave; recentemente, con software di desktop publishing come Aldus PageMaker che include versioni di Lorem Ipsum.</pre>\r\n\r\n<pre>\r\n\r\n&nbsp;</pre>', '1', 1, 1, 0, '2019-05-01 12:39:03', '2019-07-11 07:35:47');

-- --------------------------------------------------------

--
-- Table structure for table `users`
--

CREATE TABLE `users` (
  `id` int(10) UNSIGNED NOT NULL,
  `name` varchar(255) COLLATE utf8mb4_unicode_ci NOT NULL,
  `userName` varchar(255) COLLATE utf8mb4_unicode_ci DEFAULT NULL,
  `referralCode` varchar(10) COLLATE utf8mb4_unicode_ci DEFAULT NULL,
  `telephoneNumber` varchar(20) COLLATE utf8mb4_unicode_ci DEFAULT NULL,
  `postalCode` varchar(20) COLLATE utf8mb4_unicode_ci DEFAULT NULL,
  `email` varchar(255) COLLATE utf8mb4_unicode_ci NOT NULL,
  `password` varchar(255) COLLATE utf8mb4_unicode_ci NOT NULL,
  `role_type` int(3) DEFAULT '2' COMMENT '[0]=>''superAdmin'',[1]=>''Admin'',[2]=>''Promotor'',[3]=>''User'',[4]=>''Aff''',
  `parent_id` int(10) NOT NULL DEFAULT '0' COMMENT '[0]=>''parent''',
  `remember_token` varchar(100) COLLATE utf8mb4_unicode_ci DEFAULT NULL,
  `dob` date DEFAULT NULL,
  `resiaddress` varchar(200) COLLATE utf8mb4_unicode_ci DEFAULT NULL,
  `region` varchar(100) COLLATE utf8mb4_unicode_ci DEFAULT NULL,
  `streat` varchar(20) COLLATE utf8mb4_unicode_ci DEFAULT NULL,
  `fcode` varchar(10) COLLATE utf8mb4_unicode_ci DEFAULT NULL,
  `pariva` varchar(20) COLLATE utf8mb4_unicode_ci DEFAULT NULL,
  `is_profile_complete` enum('0','1') COLLATE utf8mb4_unicode_ci NOT NULL DEFAULT '0' COMMENT '[0]=>''N'',[1]=>''Y''',
  `is_deleted` int(2) DEFAULT '0' COMMENT '[0]=>no,[1]=>yes',
  `is_email_verify` enum('0','1') COLLATE utf8mb4_unicode_ci NOT NULL DEFAULT '0' COMMENT '[0]=>''N'',[1]=>''Y''',
  `status` int(2) DEFAULT '1' COMMENT '[0]=>''deactive'',[1]=>''active''',
  `payment_status` int(2) DEFAULT '1',
  `qr_code` varchar(20) COLLATE utf8mb4_unicode_ci DEFAULT NULL,
  `profileimage` text COLLATE utf8mb4_unicode_ci,
  `business_name` varchar(200) COLLATE utf8mb4_unicode_ci DEFAULT NULL,
  `iban` varchar(100) COLLATE utf8mb4_unicode_ci DEFAULT NULL,
  `bank` varchar(250) COLLATE utf8mb4_unicode_ci DEFAULT NULL,
  `paypal` varchar(200) COLLATE utf8mb4_unicode_ci DEFAULT NULL,
  `user_as` varchar(5) COLLATE utf8mb4_unicode_ci DEFAULT 'BK0',
  `created_at` timestamp NULL DEFAULT NULL,
  `updated_at` timestamp NULL DEFAULT NULL,
  `facebook_url` text COLLATE utf8mb4_unicode_ci,
  `twitter_url` text COLLATE utf8mb4_unicode_ci,
  `linkedin_url` text COLLATE utf8mb4_unicode_ci,
  `instagram_url` text COLLATE utf8mb4_unicode_ci,
  `renewal_date` datetime DEFAULT NULL,
  `founder` enum('0','1') COLLATE utf8mb4_unicode_ci NOT NULL DEFAULT '0' COMMENT '[0]=>''N'',[1]=>''Y''',
  `founder_bonus_point_value` double DEFAULT NULL,
  `total_wallet` varchar(10) COLLATE utf8mb4_unicode_ci DEFAULT NULL,
  `isPromotor` int(2) DEFAULT '1',
  `previous_parent_id` int(10) NOT NULL DEFAULT '0'
) ENGINE=InnoDB DEFAULT CHARSET=utf8mb4 COLLATE=utf8mb4_unicode_ci;

--
-- Dumping data for table `users`
--

INSERT INTO `users` (`id`, `name`, `userName`, `referralCode`, `telephoneNumber`, `postalCode`, `email`, `password`, `role_type`, `parent_id`, `remember_token`, `dob`, `resiaddress`, `region`, `streat`, `fcode`, `pariva`, `is_profile_complete`, `is_deleted`, `is_email_verify`, `status`, `payment_status`, `qr_code`, `profileimage`, `business_name`, `iban`, `bank`, `paypal`, `user_as`, `created_at`, `updated_at`, `facebook_url`, `twitter_url`, `linkedin_url`, `instagram_url`, `renewal_date`, `founder`, `founder_bonus_point_value`, `total_wallet`, `isPromotor`, `previous_parent_id`) VALUES
(2, 'Admin', NULL, NULL, NULL, NULL, 'giacomo.c@komete.it', '$2y$10$BM.cM5SPQOGj3DExCDpvfuZg2hnkFh11V9Y1dMpyPoHSWfCBCfIIm', 1, 0, 'c6c67VOMeYaw4qNhJRv3xQzPb1L21A7SuQIjuu9THVDKKV0nq3m8Dxtfs92N', NULL, NULL, NULL, NULL, NULL, NULL, '0', 0, '1', 1, 1, NULL, NULL, NULL, NULL, NULL, NULL, 'BK0', '2019-03-27 18:30:00', '2019-03-27 18:30:00', NULL, NULL, NULL, NULL, NULL, '0', NULL, NULL, 1, 0),
(11, 'Valentina', 'Finulli', 'N8DQIJ', '8454512032', '110052', 'Finulli@gmail.com', '$2y$10$mSeqluROZkIbpOSpMqZrwu2z7sy5ZSjNUBJjmwNBca88gEaiOj5ti', 2, 0, 'tRXtHQUit47hcN1sg4zfkFuueUfLDVzqXtAuasU2xrTjlQuBLNodhaDtFAy2', '1993-10-12', 'Discesa Gasssssa 10', 'crischan', 'Discesa Gaiola 10', 'd5', '12', '1', 0, '1', 1, 1, '455.png', '1562580627.png', 'wertewwww', '8451265012', 'Unicredit', 'test@gmail.com', 'P', '2019-03-29 04:47:30', '2019-07-16 16:08:32', 'www.facebook.com', 'www.twitter.com', 'www.linkedin.com', 'www.instaga,.com', NULL, '1', 40, NULL, 1, 0),
(14, 'Valeria ', 'Frontini', 'N8DQIK', '845123601203', '120320', 'Frontini@gmail.com', '$2y$10$mSeqluROZkIbpOSpMqZrwu2z7sy5ZSjNUBJjmwNBca88gEaiOj5ti', 2, 11, 'vO6vwBe3RXtiONnDFGyosziK5x30Mkxpsc9kg25yNlNNHHM6eDwAp3cQIWF4', NULL, NULL, NULL, NULL, NULL, NULL, '0', 0, '1', 1, 1, '12837.png', NULL, NULL, NULL, NULL, NULL, 'BK0', '2019-03-29 05:11:23', '2019-04-19 20:25:42', 'facebook.com', 'twitter.com', 'linkedin.com', 'instagram.com', NULL, '0', NULL, NULL, 1, 0),
(15, 'Laura2', 'Prova', 'N8DQIN', '4578454510', '110052', 'Prova26@gmail.com', '$2y$10$mSeqluROZkIbpOSpMqZrwu2z7sy5ZSjNUBJjmwNBca88gEaiOj5ti', 2, 11, '4JQIxGQD962mzyv0EMgL86UQSudRePMQc7fQG3oFuWY61lDftiuZhr72NfEg', NULL, NULL, NULL, NULL, NULL, NULL, '0', 0, '1', 1, 1, '26140.png', NULL, NULL, NULL, NULL, NULL, 'BK0', '2019-03-29 05:12:26', '2019-06-07 18:22:29', NULL, NULL, NULL, NULL, NULL, '0', NULL, NULL, 1, 0),
(19, 'Laura \r\n\r\n', 'Prova', 'N8DQIM', '894561230452', '1106202', 'Prova@gmail.com', '$2y$10$mSeqluROZkIbpOSpMqZrwu2z7sy5ZSjNUBJjmwNBca88gEaiOj5ti', 2, 11, '6JTcedWypFYobrRWP1vcJI70Xll9US7Gn664f0lTu4kNN9jtH3xg8HrfNKv0', NULL, NULL, NULL, NULL, NULL, NULL, '1', 0, '1', 1, 1, '20185.png', NULL, NULL, NULL, NULL, NULL, 'BK2', '2019-04-01 03:33:56', '2019-07-08 23:00:42', NULL, NULL, NULL, NULL, NULL, '0', NULL, NULL, 1, 0),
(20, 'Michele', 'Camisana', 'JJ75U7', '8946565451', '110062', 'Camisana@gmail.com', '$2y$10$mSeqluROZkIbpOSpMqZrwu2z7sy5ZSjNUBJjmwNBca88gEaiOj5ti', 2, 19, 'pDa7zAMbXuWf4aZCRegevrnqugfRwAZocY20X198l5Zz3fUo1wJA2exDgvrV', '2019-07-17', 'test test', 'test', '8455', '11065', '545', '1', 0, '1', 1, 1, '9103.png', NULL, 'dekgu', '845645120', 'icici', 'michele@yopmail.com', 'BK4', '2019-04-01 08:00:24', '2019-07-12 19:44:03', '', '', '', '', NULL, '1', 30, NULL, 1, 0),
(21, 'Luca ', 'Provola', 'IBTPEY', '9846465465', '11052', 'Provola@gmil.com', '$2y$10$mSeqluROZkIbpOSpMqZrwu2z7sy5ZSjNUBJjmwNBca88gEaiOj5ti', 2, 19, 'YyawnhWFiQdUn3SGFjuRDsTgVfM4D6KPd26qoqg8X2oAXS9ra84NPRRJaNGB', NULL, NULL, NULL, NULL, NULL, NULL, '1', 0, '1', 1, 1, '29984.png', NULL, NULL, NULL, NULL, NULL, 'BK2', '2019-04-01 09:26:55', '2019-04-02 03:27:54', NULL, NULL, NULL, NULL, NULL, '0', NULL, NULL, 1, 0),
(23, 'Gianluca ', 'Valli', 'FQ4U6P', '84561230120', '110052', 'Valli@gmail.com', '$2y$10$3A35JYBEjjgc1Qhicpnaje0P7A1HKPBUVffvLKwWT5m2sf6DrgfEm', 2, 21, 'dTigJ6cWBTMascz5y28ITBb9WDUjsipVHpC2DrhKIBmJqFa8ImUcWb633P2S', NULL, NULL, NULL, NULL, NULL, NULL, '0', 0, '1', 1, 1, '1798.png', NULL, NULL, NULL, NULL, NULL, 'BK0', '2019-04-02 01:15:50', '2019-06-24 23:43:22', NULL, NULL, NULL, NULL, NULL, '0', NULL, NULL, 1, 0),
(30, 'Mario ', 'Rossi', 'DDUP8Y', '8456123012', '110053', 'Mario98@gmail.com', '$2y$10$kuz/F/bZpsp7O4AtjZxOJuPyC8QnjPBOBWUavutGyTSQRYjpXl9sm', 2, 21, 'GYtBvHzWzoIgMrJxQmOZ4Y4TGHCGLqxZwU10un7PNsHkEEjDauQjBjaQ3pX7', NULL, NULL, NULL, NULL, NULL, NULL, '0', 0, '1', 1, 1, '15395.png', NULL, NULL, NULL, NULL, NULL, 'BK0', '2019-04-02 08:02:07', '2019-07-12 19:44:03', NULL, NULL, NULL, NULL, NULL, '1', 30, NULL, 1, 0),
(33, 'Riccardo Terraneo', 'Ricky', 'VQUDUK', '3401448148', '20121', 'riccardo.t@komete.it', '$2y$10$OO49IwJct3dCKco2eCbul.OJpOXQTqq2e5G/cqP5i6i0wH4UehhpK', 2, 105, 'QwOCqriD26ydN34K0L0EFPqCxXxOD6NIDG58avvo', NULL, NULL, NULL, NULL, NULL, NULL, '0', 0, '1', 1, 1, '338.png', NULL, NULL, NULL, NULL, NULL, 'BK0', '2019-04-05 20:23:59', '2019-07-08 21:56:54', NULL, NULL, NULL, NULL, NULL, '0', 200, NULL, 1, 0),
(34, 'Francesco Quarta', 'quarta', 'KGANHV', '3401448148', '25121', 'valenziari@gmail.com', '$2y$10$.RCB1.m5zkwiApgYMngaDekbsIRJfYd54hf3sQ4aVun7QzsXiZSr2', 2, 0, 'DRytDcq9C48srTiMcKIpjSV6n56sSkJvYXueseaa5IFke1qI9P7z4rPdwJuD', NULL, NULL, NULL, NULL, NULL, NULL, '0', 0, '1', 1, 1, '29422.png', NULL, NULL, NULL, NULL, NULL, 'BK0', '2019-04-05 20:45:23', '2019-04-06 15:26:48', NULL, NULL, NULL, NULL, NULL, '0', NULL, NULL, 1, 0),
(39, 'Riccardo', 'De Peppo Cocco', 'Y06UIF', '3400558442', '25062', 'riccardodpc@gmail.com', '$2y$10$u8u86kEyfSqHeCyD0e9Qfeg1epQJkEZuNbVua5eDb3KlFIXt.5hDm', 2, 105, 'D30usX7wjbF85MNxMQ8aXMI8Vn0XxvsUjVwRo005R21tJH4h7zeknEj3s2H3', NULL, NULL, NULL, NULL, NULL, NULL, '0', 0, '1', 1, 1, '1759732654.png', NULL, NULL, NULL, NULL, NULL, 'BK0', '2019-04-27 13:42:14', '2019-07-09 18:54:24', NULL, NULL, NULL, NULL, NULL, '0', NULL, NULL, 1, 0),
(50, 'Francesco', 'Gaetarelli', '4JGAKW', '3401448148', '25121', 'fgaetarelli@gmail.com', '$2y$10$OWewigr9UXxXzby3UGAqp.ql4t9bxjxb0AyhEa5u90ehkf6IqqsOe', 2, 0, '7v9eKCrSkKCvwSVof58kpMzSbei2pLz7oLGX28FT', NULL, NULL, NULL, NULL, NULL, NULL, '0', 0, '1', 1, 1, '193355236.png', NULL, NULL, NULL, NULL, NULL, 'BK0', '2019-05-02 15:02:30', '2019-07-12 19:44:03', NULL, NULL, NULL, NULL, NULL, '1', 30, NULL, 1, 0),
(51, 'Francesco', 'Gaetarelli', 'Z60JZD', '3401448148', '25121', 'fgaterelli@gmail.com', '$2y$10$e/UtljS.RnjDBMv/B5UDYeU2a5wDEFEoLh3PzK59bzD0UY1ezil5K', 2, 0, NULL, NULL, NULL, NULL, NULL, NULL, NULL, '0', 0, '1', 1, 1, NULL, NULL, NULL, NULL, NULL, NULL, 'BK0', '2019-05-02 15:03:43', '2019-07-12 19:44:03', NULL, NULL, NULL, NULL, NULL, '1', 30, NULL, 1, 0),
(54, 'Sergio', 'Sergio', '', '8459651203', '110065', 'testvirtual7@gmail.com', '$2y$10$mSeqluROZkIbpOSpMqZrwu2z7sy5ZSjNUBJjmwNBca88gEaiOj5ti', 3, 21, 'Gm8zWXY5d0OJYepSMtrF8WR6uCCIV1l1sapRJVaz66eBwcKvknvQ44coQe58', NULL, NULL, 'test', NULL, NULL, NULL, '1', 0, '1', 1, 1, '472757239.png', NULL, NULL, NULL, NULL, NULL, 'BK0', '2019-05-07 15:35:02', '2019-06-20 16:25:25', NULL, NULL, NULL, NULL, NULL, '0', NULL, NULL, 1, 0),
(57, 'Lorenzo', 'Lorenzo', 'YZPAXE', '3401448148', '25062', 'lorenzo@gmail.com', '$2y$10$T4Mrh1NNqNaxm0tMUetPAOe.QoSYzdOvdjUDrishfhjrpuhmBFt0q', 4, 11, 'uLUEJ7JKbsocdyNbkqytobZ84LUIfEK0lE1Pudq3LV0DJoIroPgiSc03UWzp', '0000-00-00', 'Via Gaetano Donizetti, 17, 25062 Concesio, Province of Brescia, ItalyConcesio, Lombardia, Italy25062,', 'Concesio', '', '', '10', '1', 0, '1', 1, 1, '2122787661.png', NULL, '', '', '', '', 'BK0', '2019-05-08 15:20:42', '2019-07-17 17:18:16', NULL, NULL, NULL, NULL, NULL, '0', NULL, NULL, 1, 0),
(58, 'Alessandro', 'De Peppo Cocco', 'TQ9QNJ', '3401448148', '25121', 'alessandro.dpc@komete.it', '$2y$10$/AowcoKZQDA/ZMdKiPOsqeEdmwOjvEh9xqR5zlRIAvJgEs.Vkw1Wm', 2, 0, 'zRWAObebaZH7vDEiXDaSL3pc4Le6h1Yv1PLCwXN0ycgI6VwsJ5GArHYgdphE', NULL, NULL, NULL, NULL, NULL, NULL, '0', 0, '1', 1, 1, '266853462.png', NULL, NULL, NULL, NULL, NULL, 'BK0', '2019-05-08 19:24:19', '2019-05-17 23:39:26', NULL, NULL, NULL, NULL, NULL, '0', NULL, NULL, 1, 0),
(59, 'Riccardo', 'De Peppo Cocco', 'OBXXV0', '0302180897', '25062', 'rdepeppococco@parmacalcio1913.com', '$2y$10$jeaOsYmTeVllCrpsiDU7U.XXUpwsbu9.l0YkW0Qjf4tAR.rcjkmVW', 2, 54, 'ljIt7x2y6B3Vgnwy64ZIxhp1eWMkleutdTTC5iMn', NULL, NULL, NULL, NULL, NULL, NULL, '0', 0, '1', 1, 1, '1108754481.png', NULL, NULL, NULL, NULL, NULL, 'BK0', '2019-05-08 22:04:22', '2019-05-17 23:39:20', NULL, NULL, NULL, NULL, NULL, '0', NULL, NULL, 1, 0),
(66, 'Alessia', 'Alessia', 'VOXTWP', '1234567890', '11052', 'Alessia@gmail.com', '$2y$10$CQecmn5jiwaCjW9dbh44/OsADPo/EF8iz4C0t8eWMvLXL1Rq3rhTm', 4, 54, 'jeHCbxfbWtPktbLP6IjBdRbPKvNDlwIMBhUSLf4n', '2019-04-29', 'test', 'test', '12', '123', '23', '1', 0, '1', 1, 1, NULL, '1557764431.jpg', '123', '123', '234', '12345678901', 'BK0', '2019-05-13 21:18:07', '2019-05-13 21:20:31', NULL, NULL, NULL, NULL, NULL, '0', NULL, NULL, 1, 0),
(79, 'test7', 'test7', NULL, '1234567890', '12345', 'bobbysharma@virtualemployee.com', '$2y$10$mSeqluROZkIbpOSpMqZrwu2z7sy5ZSjNUBJjmwNBca88gEaiOj5ti', 3, 14, 'g7GybdasQyn87VJnhy30tkmTgLLQqwElLCa7DQssogvEbmUfeOEaFUXfYpH7', NULL, '123', 'test', NULL, NULL, NULL, '0', 0, '1', 1, 1, '1085918287.png', NULL, NULL, NULL, NULL, NULL, 'BK0', '2019-06-11 20:17:21', '2019-06-11 20:17:23', NULL, NULL, NULL, NULL, NULL, '0', NULL, NULL, 1, 0),
(81, 'test', 'test', 'NV5CGB', '1234567890', '12345', 'test@gmail.com', '$2y$10$T4Mrh1NNqNaxm0tMUetPAOe.QoSYzdOvdjUDrishfhjrpuhmBFt0q', 4, 14, 'xRscuPAiPgqfAUJ00ADANisthpKSb3ykipmzDlic', NULL, NULL, NULL, NULL, NULL, '123', '1', 0, '1', 1, 1, NULL, NULL, NULL, NULL, NULL, NULL, 'BK0', '2019-06-17 19:54:44', '2019-07-04 15:37:05', NULL, NULL, NULL, NULL, NULL, '0', NULL, NULL, 1, 0),
(85, 'Riccardo', 'Barcuzzi', 'UNL22L', '3401448148', '25121', 'riccardo.dpc@komete.it', '$2y$10$X6fRQXFVA.iRpatK.VI05OYyqGW07Qd5MzBZhyEEcCYENgJ2F/7.u', 2, 0, 'c7oK9Nu0kUQfavpc1rnWWq7Zd9jFw8e5ozLOkHd6RSab02aGNidJYImdl23q', '1199-11-19', 'Brescia', 'Brescia', 'via Trieste 16', '4564357454', '10984089456410894096', '1', 0, '1', 1, 1, NULL, NULL, 'facebook.com', '11841515613212313212313123213', 'facebook.com', 'riccardo@gmail.com', 'BK0', '2019-07-03 13:09:44', '2019-07-03 13:23:30', 'facebook.com', 'facebook.com', 'facebook.com', 'facebook.com', NULL, '0', NULL, NULL, 1, 0),
(86, 'Luca', 'Cadorna', '4WRSRM', '3401448148', '25121', 'lucacadorna@yopmail.com', '$2y$10$mSeqluROZkIbpOSpMqZrwu2z7sy5ZSjNUBJjmwNBca88gEaiOj5ti', 2, 0, 'TbkZD2Zvm3IVrMItIyrdid88HrtEDdMoTBwTGUOum6nUWKa4GTWkAqZLQnNX', '0231-05-04', 'Brescia', 'Brescia', 'via Trieste 16', 'GTRFNC93S1', '0654640654654651320', '1', 0, '1', 1, 1, NULL, NULL, 'Francesco', '1065409846516504561651', 'Intesa San Paolo', 'francesco.g@komete.it', 'BK0', '2019-07-03 15:24:46', '2019-07-03 17:43:50', 'facebook.com', 'facebook.com', 'facebook.com', 'facebook.com', NULL, '0', NULL, NULL, 1, 0),
(87, 'Riccardo', 'De Peppo Cocco', NULL, '3400558442', '25062', 'riccardodpc@yopmail.com', '$2y$10$PHxQB0ZRQRHktB/xx4WrSeVspmH7MBMVWkfTRjUKDscg6v.7vh/H6\r\n', 4, 104, 'fjl8V534mmO5vKeNUMZF4ZBOHTOxZlAH5tHEzY9U6eV2bC7bdn3JBeYFzEjn', '0000-00-00', 'Via Donizetti 17', 'Concesio', '', '', '', '1', 0, '1', 1, 1, NULL, NULL, 'Pizzerie Fratelli DPC', '', '', '', 'BK0', '2019-07-03 15:44:30', '2019-07-23 11:49:18', NULL, NULL, NULL, NULL, NULL, '0', NULL, NULL, 0, 0),
(88, 'Luca', 'Manni', 'MTPMAX', '3455889662', '25062', 'lucamanni@yopmail.com', '$2y$10$V6fgZU8gLHYg3IQBqM9zpeaS2F44QLLLj0LKbIMx8TwhHtNwABVUy', 2, 0, 'cDz9W5OHhhqLfWNyYCcQHo4VyzQ3WE2GTXLa4vpZoiq0atbEIEN9OESYN32Q', '1992-11-12', 'ewe23ee1', 'sssw', 'wwwww', 'dqwd', 'eeq1123e', '1', 0, '1', 1, 1, NULL, NULL, 'ddddd', '1122344567965467775', 'rrrrrr', 'riccardoeee@gmai.com', 'BK0', '2019-07-03 21:54:41', '2019-07-04 01:20:53', 'facebook.com', 'twitter.com', 'linkedIn.com', 'instagram.com', NULL, '0', NULL, NULL, 1, 0),
(89, 'Francesco Gaetarelli', 'Francesco Gaetarelli', NULL, NULL, '25121', 'francesco.g@komete.it', '', 3, 11, NULL, NULL, 'via Trieste 16', 'Brescia', NULL, NULL, NULL, '1', 0, '1', 1, 1, NULL, NULL, NULL, NULL, NULL, NULL, 'BK0', '2019-07-04 01:16:09', '2019-07-23 11:51:10', NULL, NULL, NULL, NULL, NULL, '0', NULL, NULL, 1, 90),
(90, 'Matteo', 'Lucci', '93RGYY', '3408723745', '25112', 'matteolucci@yopmail.com', '$2y$10$XCwiYVMsV6kVYs/thGM0/OdSdeIGzXtfx02EQP9sOtmBYDFVwPdg2', 2, 11, 'nN3YNahGHWNsVl4XQWlT3AeYH53aQWcZgCfT7L00KjG9e6SjsB6vvj4I5h2K', '1992-11-10', 'Brescia', 'Brescia', 'Veneto', 'eddslchhep', '118820046500202764', '1', 0, '1', 0, 1, NULL, NULL, 'ereerthr', '341245354875652534787', 'sella', 'matteolucci@yopmail.com', 'BK6', '2019-07-04 14:02:24', '2019-07-23 11:51:10', 'facebook.com', 'twitter.com', 'linkedIn.com', 'instagram.com', NULL, '0', 0, NULL, 1, 0),
(91, 'Sandro', 'Tonali', 'BFYD1W', '3401448148', '25121', 'sandrotonali@yopmail.com', '$2y$10$UQih0HoY0blRyerO1W3RcO4opn2vNfp73vrG267A8peSsbK4O/6Sm', 2, 11, 'qoO1jfVrnHdjgMlCcBYhmSa3w4Gea43dma69Ohy7m33l2xdlhRCtLPbjXfw1', '1993-11-19', 'Brescia', 'Brescia', 'via Trieste 16', '4564357454', '10984089456410894096', '1', 0, '1', 1, 1, NULL, NULL, 'Francesco', '11841515613212313212313123213', '1165165165165165165165165165', 'francesco.g@komete.it', 'BK2', '2019-07-04 15:39:32', '2019-07-23 11:51:10', 'facebook.com', 'facebook.com', 'facebook.com', 'Francesco Gaetarelli', NULL, '0', 0, NULL, 1, 90),
(93, 'Paolo', 'Paolo', NULL, NULL, '201520', 'Paolo@yopmail.com', '', 3, 91, NULL, NULL, 'NCR', 'Noida', NULL, NULL, NULL, '0', 0, '1', 1, 1, NULL, NULL, NULL, NULL, NULL, NULL, 'BK0', '2019-07-04 16:58:35', '2019-07-04 16:58:35', NULL, NULL, NULL, NULL, NULL, '0', NULL, NULL, 1, 0),
(94, 'Francesco', 'Quarta', 'N92HQZ', '3401448148', '25121', 'francescoquarta@yopmail.com', '$2y$10$OOzUn57zhEQPkeYTeATCEehS54tP92Ki070igTL7iX4y3lspK0.Om', 2, 11, '0M2CAwU69P3UHxy4gQFfNKcYP0YkP32w0B3ELmewMzQFsQMf6DQQnvcpWDTv', '1989-11-19', 'Brescia', 'Brescia', 'via Trieste 16', 'GTRFNC93S1', '10984089456410894096', '1', 0, '1', 1, 1, NULL, NULL, 'Francesco', '11841515613212313212313123213', '1165165165165165165165165165', 'francesco.g@komete.it', 'BK2', '2019-07-04 18:58:43', '2019-07-23 11:51:10', 'facebook.com', 'facebook.com', 'facebook.com', 'Francesco Gaetarelli', NULL, '1', 30, NULL, 1, 90),
(95, 'Francesco Gaetarelli', 'francesco@gmail.com', NULL, '3401448148', '25121', 'francesco.g@komete.it', '$2y$10$ZWHW5AFkQtfdGec7FJgexOYsykQHj6TPiV8XydhidXFiNmVxesIui', 4, 11, 'cpg0kqEULBq66wKsQjnecI8N1nvJmnMUYSqfhwkWpktljrh12GqTZf8vKQ4h', '0000-00-00', 'via Trieste 16', 'Brescia', '', '', '056405121', '1', 0, '1', 1, 1, NULL, NULL, 'Francesco', '', '', '', 'BK0', '2019-07-04 19:14:29', '2019-07-23 11:51:10', NULL, NULL, NULL, NULL, NULL, '0', NULL, NULL, 1, 90),
(96, 'Simone', 'Ravelli', 'DMB1D8', '2344456789', '25062', 'simoneravelli@yopmail.com', '$2y$10$UQih0HoY0blRyerO1W3RcO4opn2vNfp73vrG267A8peSsbK4O/6Sm', 2, 91, 'IlrSca7E8dASx362Md90G9ggvxq4uZjLHS7vNYGQlcUrSwHDUKNceLJNaAki', '1999-11-11', 'Brescia', 'Brescia', 'daaadff', '1172784005', '2836640008836645', '1', 0, '1', 1, 1, NULL, NULL, 'qqqqq', '18836640076544220003763', 'banca sella', 'riccardoeee@gmai.com', 'BK4', '2019-07-05 13:45:55', '2019-07-15 18:04:21', 'facebook.com', 'twitter.com', 'linkedIn.com', 'instagram.com', NULL, '0', 0, NULL, 1, 0),
(97, 'Riccardo Nin', 'Ricnin', NULL, '2334499576', '25062', 'riccardonin@yopmail.com', '$2y$10$MKPhchlzSPwEyYkjH1bEiumPWHo95tH5Vo5.ojcOeQSONwohjXGxS', 4, 91, 'JUsWR10YWhGME4ioIp79TIpuM3cgh67hyVt9qYEmA1nRLKTbFqXUtMyXPsPB', '0000-00-00', 'Via Donizetti 17', 'Concesio', '', '', '3399883730937255', '1', 0, '1', 1, 1, NULL, NULL, 'Pasticceria Nin', '', '', '', 'BK0', '2019-07-05 15:02:38', '2019-07-11 14:56:01', NULL, NULL, NULL, NULL, NULL, '0', NULL, NULL, 1, 0),
(98, 'Giacomo', 'Cattolica', 'WKJDBR', '3499009877', '25112', 'giacomocattolica@yopmail.com', '$2y$10$V8G1Sj629xYOh9Frq2WtCOVNz5oqKQHI6gTrV1.uODKqJa99wh9m2', 2, 96, 'MUMqOIRds6Btx0g48URUjvY6gbqQv07B2xZbUJpuwt43hdpeOcg35kID6G6k', '1998-03-07', '34r41', '134r4', 'sqdc', '13er', '1233455566644321', '1', 0, '1', 1, 1, NULL, NULL, '134rf', '111234458762552300484', '3f134r', 'riccardoeee@gmai.com', 'BK6', '2019-07-05 15:19:11', '2019-07-15 18:04:21', '12eff', 'rwrevrtg', 'efr', 'werefew', NULL, '0', 0, NULL, 1, 0),
(99, 'Daniel', 'DanielN', 'UJAIHC', '8459875451', '521201', 'daniel@yopmail.com', '$2y$10$M3x4SizSbB7qcjPXlE5Ci.c7air4u4cRs1APNZ5caBAdJ.Oqnj/g.', 2, 98, 'Harq2ahocHzxSVgbxVWbwuLtcIBb4mPQ262a7MaUz1QMSqEyKs1OHf19xR6B', '2019-07-26', 'Test', 'Us', '84512', '85641', '1541', '1', 0, '1', 1, 1, NULL, NULL, 'test', '84985465', 'sdf', 'Daniel@gmail.com', 'BK2', '2019-07-05 16:36:42', '2019-07-15 18:04:21', '', '', '', '', NULL, '0', 0, NULL, 1, 0),
(100, 'Angelo', 'AngeloY', 'PWRKYY', '8459845620', '156520', 'Angelo@yopmail.com', '$2y$10$2gX6j7ydUO7x11GtYSaPbuQrHrXZLPeNL42ScsmjfOWPzz124VWgG', 2, 98, 'tBEDBzRh7WxLt5LQYeyhtNc2JXh4JwGPViltS4NGJK69cU7EijrkQUjjtTTh', '2019-07-25', 'xaf', 'sdfsadfa', 'sdfasfs', 'sdfa', 'sdfa', '1', 0, '1', 1, 1, NULL, NULL, 'sfdasf', '985451233', 'dsfasfsda', 'Angelo@gmail.com', 'BK0', '2019-07-05 16:40:39', '2019-07-05 16:42:15', '', '', '', '', NULL, '0', NULL, NULL, 1, 0),
(101, 'Domenico', 'DomenicoK', 'UPEMHT', '8546512302', '56501', 'Domenico@gmail.com', '$2y$10$GLqqwMWP8g0Iop7hOY3vguOB.9ONS5rN5lMbZ9CwmivPw83jIUTyu', 2, 99, 'rumcrYjBFvdUTXqIH11xetqUlBBKY4UF1fHR6lKT8jiMWfiVUabFiaiuaegX', NULL, NULL, NULL, NULL, NULL, NULL, '1', 0, '1', 1, 1, NULL, NULL, NULL, NULL, NULL, NULL, 'BK2', '2019-07-05 16:53:51', '2019-07-15 18:04:21', NULL, NULL, NULL, NULL, NULL, '0', 0, NULL, 1, 0),
(102, 'Samuel', 'SamuelJ', '78LSJ3', '8756984565', '556512', 'samule@yopmail.com', '$2y$10$kRU0hFwzyJX2L1Twnl2WNO7rXVpylbi0ZJg2HDexYujNYmKuRbpL2', 2, 101, 'iriAN9nAJlczjFCTdCyo2gxrUg1QXSNJIRohGomWliLzRtztkFRwdO0IFiUi', NULL, NULL, NULL, NULL, NULL, NULL, '1', 0, '1', 1, 1, NULL, NULL, NULL, NULL, NULL, NULL, 'BK2', '2019-07-05 17:35:20', '2019-07-15 18:04:21', NULL, NULL, NULL, NULL, NULL, '0', 0, NULL, 1, 0),
(103, 'Emanuele', 'Emanueleh', 'I57RL4', '8456126520', '56542', 'Emanuele@yopmail.com', '$2y$10$cqoDCvY0EpWNThOqibVZieplOQc22XaZplMJQzTBX7qzWDW6KuXVe', 2, 102, '0PhcWguNfFy4Tg30eVw2AFxaxR8IT7TBwOJ11nfkhKMYxaBQA0jCjtqkVHy0', '2019-07-31', 'Delhi', 'sdfdsjk', 'fdjkfjkd', 'sdjkjdsk', 'sdjksjdk', '1', 0, '1', 1, 1, NULL, NULL, 'djksdj', '8954556120', 'sdkjfhskdj', 'Emanuele@yopmail.com', 'BK2', '2019-07-05 17:45:12', '2019-07-11 19:30:52', '', '', '', '', NULL, '0', NULL, NULL, 1, 0),
(104, 'Edoardo', 'Manca', 'ZNPI7N', '3400288366', '25111', 'edoardomanca@yopmail.com', '$2y$10$Fazoh3/CavznKAaxUxTctuW5YVbwxOxKE5U.yk5dqF.v.YUtT5Li2', 2, 98, '4Y0l96timoFPbGNxWWjhNea4XuPJgM1vkoo6ug0YgLnPFUbL3IONLGtYMKPL', '1999-11-11', 'qwef', 'Brescia', 'qed', '2321233928', '28836629940040287262', '1', 0, '1', 1, 1, NULL, NULL, '22ed', '1102023093984763522', 'banca sella', 'riccardoeee@gmai.com', 'BK6', '2019-07-05 17:58:09', '2019-07-23 11:49:18', 'facebook.com', 'twitter.com', 'linkedIn.com', 'instagram.com', NULL, '0', 0, NULL, 1, 0),
(105, 'Fra', 'Damiani', 'GLXG9U', '3400998921', '25112', 'fradamiani@yopmail.com', '$2y$10$.iJeihjDuB4t4KdtwJT9/evhCpjcIqoWhKKCf6IuPMK6.vg7GYWmy', 2, 104, 'yjUlazfMNdnBJ86tTHxQwC56P2DZ5WtjRw4wPqthhBHF0Bbmrrkd7lP70ZVM', '1999-07-11', 'Discesa Gasssssa 10', 'Brescia', 'daaadff', '4339sn2 nn', '1233455566644321', '1', 0, '1', 1, 1, NULL, NULL, 'rddse', '88365544289304764', 'banca sella', 'riccardoeee@gmai.com', 'BK4', '2019-07-05 18:54:18', '2019-07-23 11:49:18', 'facebook.com', 'twitter.com', 'linkedIn.com', 'instagram.com', NULL, '0', 0, NULL, 1, 0),
(106, 'Brian', 'Miles', '1DI723', '8497474739', '110383', 'bmile@mailinator.com', '$2y$10$F65i9a3CzeFC6IVtpWPYg.qQvPMP6oyuXfHFaNKM0vIQnoflr8uc6', 2, 0, 'gPh6xlResvex1DI7eGOFiFXfGP4meCgkK8nVQAvEWSb8sUhXWWRK2pWrXFnp', '1990-01-01', 'tets 2', 'test 1', 'test 3', '865347', '5544FE', '1', 0, '1', 1, 1, NULL, '1562573897.jpg', 'test name', '754644', 'UJT', 'bmi@mailinator.com', 'BK0', '2019-07-05 18:54:20', '2019-07-23 18:06:56', 'www.google.com', 'www.google.com', 'www.google.com', 'www.google.com', NULL, '1', 50, NULL, 1, 0),
(107, 'Allen', 'Cox', '2AHWBX', '1122334455', '99887', 'allencox@mailinator.com', '$2y$10$TMhc9wAbI5EFZ7ev0nuDQ.pJ1RoxprPAOnXVWeTmipUtFkCZE6NNO', 2, 106, 'gSIoaLodbk6p2bfq9RPvaGSNrPLlZXHsFZqsiuvIqcOja2YTG8XoZ2LIxP3U', NULL, NULL, NULL, NULL, NULL, NULL, '0', 0, '1', 1, 1, NULL, NULL, NULL, NULL, NULL, NULL, 'BK0', '2019-07-08 13:28:21', '2019-07-08 18:31:30', NULL, NULL, NULL, NULL, NULL, '0', NULL, NULL, 1, 0),
(108, 'Traxy', 'test', 'W9IKMZ', '9098383737', '78906', 'traxtest@mailinator.com', '$2y$10$8h/cXSh4Lwqvcmmg.kDfZeXWthjlAY53DbyaId6LQMKCVYdNZGlLm', 2, 0, '6F8SxOKpXcxAPQTNBagsNrsezBmxncZgtwVep8ZdlgG1keIvnu6Kso12aecm', '1993-10-01', 'test regi', 'test region', 'test street1', '97364', '938468', '1', 0, '1', 1, 1, NULL, '1562577164.jpg', 'Traxy', '739272', 'PWE bank', 'traxtest@mailinator.com', 'PE', '2019-07-08 13:56:02', '2019-07-24 16:44:41', 'www.google.com', 'www.google.com', 'www.google.com', 'www.google.com', NULL, '0', 40, NULL, 1, 0),
(109, 'Alex', 'Warner', 'DYVPCR', '8345800000', '88272', 'alexwarn@yopmail.com', '$2y$10$Zt9dRSA3jZ/QtHVwN8dgBeLaG805VVDuHsRS9NcAnl6Nfr1SoiF3e', 2, 108, '8SGYo23eYZfqDVh6In6hHsXMQdYYEDhegPTXuf23rZBQmH7jRyo2SmNCcuea', '2001-01-10', 'my residence', 'my region', '54678', '63636', '83992', '1', 0, '1', 1, 1, NULL, NULL, 'universal', '73938', 'UBI', 'alexwarn@yopmail.com', 'P', '2019-07-08 15:08:08', '2019-07-24 16:44:41', 'www.google.com', 'www.google.com', 'www.google.com', 'www.google.com', NULL, '0', 0, NULL, 1, 0),
(110, 'Benjamin', 'Mason', '7MVWNE', '9888888888', '88800', 'benjamas@mailinator.com', '$2y$10$zYiC72K5igJPzTB9tXl57u9OME6fTvs4Hc4k84CZyFhVDIVWupKpK', 2, 108, '7cCYTOFIm5gNgirVa6v0iKnSG1WsL184ejtqkDiPS8THhPf5syEpkcrMY0y6', '1980-02-06', '# 123, Church street', 'region one', 'new street', '9093', '83628HDGT', '1', 0, '1', 1, 1, NULL, '1562583059.png', 'Wors', '64738', 'ABN bank', 'benjamas@mailinator.com', 'BK2', '2019-07-08 15:20:36', '2019-07-24 16:44:41', 'www.google.com', 'www.google.com', 'www.google.com', 'www.google.com', NULL, '0', 0, NULL, 1, 0),
(111, 'Julian', 'Mateo', 'PZKHTN', '9983645263', '73733', 'julmatao@yopmail.com', '$2y$10$keiQtlphufFCXfpbMP.K9.bf5Axn.DFDtN3m2/.aPpoyBItweLfMq', 2, 110, 'cYrHFJynsBxMlVSyHB9FkXCTEe6lOkCWolXOPh9bcH0Ifw7QTbf7BKihgmJq', '2000-05-07', 'hudson Square', 'park square', 'Park Steet', '83847', '67676', '1', 0, '1', 1, 1, NULL, '1562583909.png', 'Infomarine', '77766', 'XYZ bank', 'julmatao@yopmail.com', 'BK2', '2019-07-08 15:58:05', '2019-07-15 18:04:21', 'www.google.com', 'www.google.com', 'www.google.com', 'www.google.com', NULL, '0', 0, NULL, 1, 0),
(112, 'Alaistair', 'Miles', 'QNKLUT', '7866754444', '77565', 'aalis@yopmail.com', '$2y$10$67Rhyb9wa7y8D34h9VyRI.cy4JC4bogO5bT7mSUVRsfneE95sjjwq', 2, 111, 'o72AxHNODHZ5phKNkBKRqy23EaUTnQejwTCmt33jQ3D3l2UM616D6bHFr2MW', '1993-12-08', 'Manchester', 'old trafford', 'near riverpoint', '56565', '', '1', 0, '1', 1, 1, NULL, '1562595392.jpg', 'test123', '12007', 'etstboss', 'aalis@yopmail.com', 'BK4', '2019-07-08 18:11:55', '2019-07-15 18:04:21', '', '', '', '', NULL, '0', 0, NULL, 1, 0),
(113, 'Maddalena De Peppo Cocco', 'maddalenadpc', NULL, '3423765409', '25122', 'maddalenadpc@yopmail.com', '$2y$10$9Sjp7vq3oacnVSiBL.tqM.2aZerQ78YQwGTNoxRxZqVjImSXutIZi', 4, 104, 'NL1IoZ3Fv8B5WqCvLONtrGon3gbdOaaSS7jeXOS67j1xHbkJzNrTjG8perLR', '0000-00-00', 'Via Donizetti 17', 'Concesio', '', '', '29937652000003662552', '1', 0, '1', 1, 1, NULL, NULL, 'Hamburger da Nina', '', '', '', 'BK0', '2019-07-08 18:18:09', '2019-07-23 11:49:18', NULL, NULL, NULL, NULL, NULL, '0', NULL, NULL, 1, 0),
(114, 'Riccardo Ravelli', 'riccardoravelli', NULL, '3490998776', '25122', 'riccardoravelli@yopmail.com', '$2y$10$Gm7oR.FmxlnektQTLTTONOx.2a.mMM6SxrV0JQQWaInaPSK9kAt3u', 4, 104, 'qSTcapbwvjvEz9rNzbPYX9lyR6GR1xBNKHFWvWSbRQKJgX3PhgkXupiP3dEv', '0000-00-00', 'Via Donizetti 17', 'Concesio', '', '', '3882662000002772553', '1', 0, '1', 0, 1, NULL, NULL, 'Ravelli & pasticcini buoni', '', '', '', 'BK0', '2019-07-08 18:44:52', '2019-07-23 11:49:18', NULL, NULL, NULL, NULL, NULL, '0', NULL, NULL, 1, 0),
(115, 'Aldon', 'Aldon2', NULL, '9854562103', '110052', 'Aldon@yopmail.com', '$2y$10$DEI70YEOk18PIiyciPvEAu7odOK9zjalOt.YFi0g6lhSD.rxQl0IS', 4, 96, 'idhvmth4sOfCPCmVaIIP8tIFFDzXLeWuNSzeSzOk', NULL, NULL, NULL, NULL, NULL, '8845', '1', 0, '1', 1, 1, NULL, NULL, NULL, NULL, NULL, NULL, 'BK0', '2019-07-08 19:40:32', '2019-07-08 19:41:03', NULL, NULL, NULL, NULL, NULL, '0', NULL, NULL, 1, 0),
(116, 'Francesco Terraneo', 'francescoterraneo', NULL, '3400998921', '25112', 'francescoterraneo@yopmail.com', '$2y$10$JuvN1Qn0m37RrBNgzaunKeR8IOyUwL/9rPmSP4X6ccOv5ljzfrJeW', 4, 105, 'lar1SzAcRysnkvV3JMNEiFA7uogEKaOSzfI1iNQts2GBc4Ve7sJiGsWzAN2f', NULL, NULL, NULL, NULL, NULL, '36651210000003775528', '1', 0, '1', 1, 1, NULL, NULL, 'Terraneo Pizza', NULL, NULL, NULL, 'BK0', '2019-07-08 20:29:19', '2019-07-09 01:18:25', NULL, NULL, NULL, NULL, NULL, '0', NULL, NULL, 1, 0),
(117, 'Brice', 'Carl', 'UW8CCG', '9874657338', '77432', 'brice09@yopmail.com', '$2y$10$5W9.Y8cexA.9Vsx/Wg0wzeaVII5T7stia.Cn1AaiexnDXhFH893ty', 2, 112, 'NrILODnMd53FGzRzS97votHVl75OSMXg8IP8v7YekvoSpGGfL23Z2lXVLpNj', '1983-07-12', 'Manchester', 'hello2', 'hello1', 'hello3', 'test', '1', 0, '1', 1, 1, NULL, '1562667810.jpg', 'test12', '56443', 'jacko', 'brice09@yopmail.com', 'BK8', '2019-07-09 13:48:22', '2019-07-15 18:04:21', '', '', '', '', NULL, '0', 0, NULL, 1, 0),
(118, 'Brock', 'Suri', 'XAVWQN', '5555443434', '22211', 'brck032@yopmail.com', '$2y$10$ON76a75v85WTp76XhNSQAOOETX.imwN1QaB9m3wVgBnjnWFRnfiu2', 2, 117, 'utj2wbLMDRk7PJkiniD70SiwHk30NnHqQfpCbfzyvahVCAjwlcYayeX5gqdq', '1990-03-01', 'Manchester united', 'hello3', 'hello4', '56533', 'testall', '1', 0, '1', 1, 1, NULL, '1562669469.jpg', 'test188', '12004', 'virtue', 'brck032@yopmail.com', 'BK10', '2019-07-09 15:34:27', '2019-07-10 14:45:41', '', '', '', '', NULL, '0', NULL, NULL, 1, 0),
(119, 'john', 'john', NULL, NULL, '1052365', 'john@yopmail.com', '', 3, 20, NULL, NULL, 'delhi', 'delhi', NULL, NULL, NULL, '0', 0, '1', 1, 1, NULL, NULL, NULL, NULL, NULL, NULL, 'BK0', '2019-07-09 15:44:41', '2019-07-09 15:44:41', NULL, NULL, NULL, NULL, NULL, '0', NULL, NULL, 1, 0),
(120, 'Riccardo Geta', 'Riccardo Geta', NULL, NULL, '25112', 'riccardogeta@yopmail.com', '', 3, 105, NULL, NULL, 'Via Trento', 'Brescia', NULL, NULL, NULL, '0', 0, '1', 1, 1, NULL, NULL, NULL, NULL, NULL, NULL, 'BK0', '2019-07-09 18:23:01', '2019-07-09 18:23:01', NULL, NULL, NULL, NULL, NULL, '0', NULL, NULL, 1, 0),
(121, 'Andrea Barbi', 'Andrea Barbi', NULL, NULL, '25112', 'andreabarbi@yopmail.com', '', 3, 98, NULL, NULL, 'Via Trento', 'Brescia', NULL, NULL, NULL, '0', 0, '1', 1, 1, NULL, NULL, NULL, NULL, NULL, NULL, 'BK0', '2019-07-09 18:31:07', '2019-07-09 18:31:07', NULL, NULL, NULL, NULL, NULL, '0', NULL, NULL, 1, 0),
(122, 'Umberto De Peppo Cocco', 'umbertodpc', NULL, '3400558442', '23455', 'umbertodpc@yopmail.com', '$2y$10$2enju9bzDzTVccvNOvdim.iy6Lf.kieIO6lXSJ8C6fAfMl8/0BkS2', 4, 98, '7rMmsTlkevPXaCeMYpeVRBdnyhiu5o254lNyb7CRIJgWPR0g35aoY0CwwMWc', '0000-00-00', 'Via Donizetti 17', 'Brescia', '', '', '2883653478009187', '1', 0, '1', 1, 1, NULL, NULL, '', '', '', '', 'BK0', '2019-07-09 19:12:57', '2019-07-09 19:14:45', NULL, NULL, NULL, NULL, NULL, '0', NULL, NULL, 1, 0),
(123, 'Sofia', 'Sofia', NULL, NULL, '110056', 'Sofia@yopmail.com', '', 3, 59, NULL, NULL, 'delhi', 'delhi', NULL, NULL, NULL, '0', 0, '1', 1, 1, NULL, NULL, NULL, NULL, NULL, NULL, 'BK0', '2019-07-09 20:19:50', '2019-07-09 20:19:50', NULL, NULL, NULL, NULL, NULL, '0', NULL, NULL, 1, 0),
(124, 'Giulia', 'Giulia', NULL, NULL, '556520', 'Giulia@yopmail.com', '', 3, 117, NULL, NULL, 'delhi', 'delhi', NULL, NULL, NULL, '0', 0, '1', 1, 1, NULL, NULL, NULL, NULL, NULL, NULL, 'BK0', '2019-07-09 21:17:02', '2019-07-09 21:17:02', NULL, NULL, NULL, NULL, NULL, '0', NULL, NULL, 1, 0),
(129, 'Jennifer', 'Powell', 'OESGA0', '8373463288', '54432', 'jenni033@yopmail.com', '$2y$10$PsXNyU/Ud8Q56q7NF36FkeCyi6wKCX6xL.FsQMVG4/XnHbLKZLpMG', 2, 109, '43531mIiand5H8ekoztPTKmwzGhH6A3MHWaDei4ISvOOfMtoe8iumKE4GZBY', '1993-12-07', 'mc donald square', 'Angel point', 'test', '7373', '799393FF', '1', 0, '1', 1, 1, NULL, '1562759826.jpg', 'Global', '80292', 'SDB bank', 'jenni033@yopmail.com', 'BK0', '2019-07-10 16:21:26', '2019-07-10 16:57:06', '', '', '', '', NULL, '0', NULL, NULL, 1, 0),
(130, 'Darren', 'Angle', 'QYG8VL', '5884030000', '78473', 'darang@yopmail.com', '$2y$10$h2Obe/7Fbw9uw1xbTIYbGum6NyhmtagnOZIJEUivR63TbtmdUwgma', 2, 109, 'sLKQ5kX0r7NOvM3xhNFDCbdFhoaX1F8HHZKtgbMATV7XUlngxzz7r78CayfK', '2000-03-08', 'Cannaught point', 'hudson square', '33456', '57676', '6767', '1', 0, '1', 1, 1, NULL, '1562760991.jpg', 'techno', '88787', 'RWU bank', 'darang@yopmail.com', 'P', '2019-07-10 17:03:29', '2019-07-15 18:16:12', '', '', '', '', NULL, '1', 30, NULL, 1, 0),
(131, 'Domenico', 'Domenico', NULL, NULL, '12345', 'Domenico@yopmail.com', '$2y$10$HybLmzgS4xYadMt6GezTPeBw7wnNJmakmIUX0ncpAS7kHpz/OIjUK', 3, 11, 'tFTcs4MwyaEmWRUfmWKM9yaYj5TpwJvOdANoKyBUZpxnFyHF16LISESG8Gb2', NULL, 'US', 'US', NULL, NULL, NULL, '0', 0, '1', 1, 1, NULL, NULL, NULL, NULL, NULL, NULL, 'BK0', '2019-07-10 18:45:55', '2019-07-11 12:32:54', NULL, NULL, NULL, NULL, NULL, '0', NULL, NULL, 1, 0),
(132, 'Riccardo', 'Damiani', 'PFLSIW', '3400558442', '25128', 'riccardodamiani@yopmail.com', '$2y$10$B3TeweYFOJhSCgDME3ROjuftHqonf6gw.mFiGTQ5pxq55TT2J6l6e', 2, 104, 'smMEjd7fj6aREQVI7cbb3uLIucRHTatFsXw05bgx', '2011-12-12', 'Brescia, BS, ItaliaBrescia, Lombardia, Italia', 'Brescia', 'Via Montegrappa 24', '2344882665', '29939764530809476353', '1', 0, '1', 1, 1, NULL, NULL, 'eeeeee', '376435746237985486813474', 'banca sella', 'eeeeeeee@yopmail.com', 'BK0', '2019-07-10 20:01:06', '2019-07-23 11:49:18', 'facebook.com', 'twitter.com', 'linkedIn.com', 'instagram.com', NULL, '0', NULL, NULL, 1, 0),
(133, 'Elia', 'Elia', NULL, NULL, '268952', 'Elia@gmail.com', '$2y$10$UMVXzZjphS3EbuGbzNggzeuUNK5Emjrho49oe0Lucu1t3VeWjfcsy', 3, 11, NULL, NULL, 'delhi', 'delhi', NULL, NULL, NULL, '0', 0, '1', 1, 1, NULL, NULL, NULL, NULL, NULL, NULL, 'BK0', '2019-07-10 20:44:40', '2019-07-10 20:44:40', NULL, NULL, NULL, NULL, NULL, '0', NULL, NULL, 1, 0),
(134, 'Jill', 'Diego', 'QFYZTQ', '5444434444', '76333', 'gioele99@yopmail.com', '$2y$10$R0/XzOqCvPWeYjW/vuUj2egqCgCwKbCLu7zolatVIAP.irmwaPCb6', 2, 130, 'eOvJYZqY0Q9DYtEmnB3ncNAeQ3jmP8NlPQdY8V3OX8crCTVJn96nHKZntE2j', '1999-03-09', 'Cunningham Road', 'Dalkey', 'hello6666', '52324', 'test990', '1', 0, '1', 1, 1, NULL, '1562828579.png', 'test12933', '12000', 'IDIDI', 'gioele99@yopmail.com', 'BK0', '2019-07-11 11:58:29', '2019-07-15 15:22:00', 'www.google.com', 'www.google.com', 'www.google.com', 'www.google.com', NULL, '0', NULL, NULL, 1, 0),
(135, 'Daniele', 'Cristian', 'VLNKRO', '6755555667', '67644', 'daniele12@yopmail.com', '$2y$10$wggom4E4cYAtJb5hL.q2ZurGL0ZPN66ERiiq2Q44Zor4aemZPhhMu', 2, 130, 'HZP9gPh5tWXGHgPpznPUwB75dnGUF6rbiZ7hkTZ1Bz3LVB03R5QTED0dY9Qy', '1997-08-25', 'residence33', 'hello22', 'hello45', '52666', 'test333', '1', 0, '1', 1, 1, NULL, '1562829135.png', 'test129', '13456', 'ICO', 'daniele12@yopmail.com', 'BK2', '2019-07-11 12:08:40', '2019-07-15 18:04:21', 'www.google.com', 'www.google.com', 'www.google.com', 'www.google.com', NULL, '0', 0, NULL, 1, 0),
(136, 'Serena', 'Benedetta', 'IRIF51', '4575464444', '57555', 'sarenaben@yopmail.com', '$2y$10$NZ.nCZddQCntaUOboewRdefqVHeU1xUz8NNQpQwRMeLgOvK.E74AS', 2, 135, 'bJRlfIaMxkcOUffes86JKrTbrIilTEvQjgUhFhx3B6NxWZpwp3JLlCpK0r6B', '1996-11-26', 'My Residence 1, Bantarjati, Bogor City, West Java, IndonesiaKecamatan Bogor Utara, Jawa Barat, Indonesia', 'Kecamatan Bogor Utara', 'test via', '666665', '56565', '1', 0, '1', 1, 1, NULL, '1562831138.png', 'mycomp', '676767', 'mybank', 'sarenaben@yopmail.com', 'BK4', '2019-07-11 12:41:12', '2019-07-15 18:04:21', '', '', '', '', NULL, '0', 0, NULL, 1, 0),
(137, 'Alessandra', 'Maria', 'RWNEJO', '7755434456', '77565', 'alessmaria@yopmail.com', '$2y$10$T03/Hda6lWHsXGu5N0ON4eOaYsIZ2/WRNJtmCsExcvJLJgUgc964G', 2, 136, '9zC1mCfabOBolbWWObDCvx0NfULjpKPeXJcoye5bMUsnyNTXvs9Bo9yNMS5k', '2005-03-11', 'test res', 'hello6', 'hello21', '90009', 'testing 123', '1', 0, '1', 1, 1, NULL, '1562835668.png', 'test190', '65554', 'HDJC', 'alessmaria@yopmail.com', 'BK6', '2019-07-11 13:57:07', '2019-07-15 18:04:21', 'www.google.com', 'www.google.com', 'www.google.com', 'www.google.com', NULL, '0', 0, NULL, 1, 0),
(138, 'Beatrice', 'Cole', '1H6BWV', '5667843234', '67420', 'beatricecole@yopmail.com', '$2y$10$vTwEqq8PwcVFeGm5c5Rsa..yPha1XqncW0v.17ezQy1fdo5Oklexa', 2, 137, 'cAdEd35k1BB8dAh98pEIYyTTtmCF2MiWxjcMzHUrx1MdmLHvC9qXrarn3xDb', '1984-01-31', NULL, 'Dalkey', NULL, '52666', 'testallri', '1', 0, '1', 1, 1, NULL, '1562839258.png', 'test12', '56666', 'ICO', 'beatricecole@yopmail.com', 'BK2', '2019-07-11 14:53:18', '2019-07-15 18:04:21', 'www.google.com', 'www.google.com', 'www.google.com', 'www.google.com', NULL, '0', 0, NULL, 1, 0),
(139, 'Paolo Frassine', 'Paolo Frassine', NULL, NULL, '25112', 'paolofrassine@yopmail.com', '$2y$10$DhU9czHqA4UyyiF6oDFxj.T319tdeYUGDq6nlJsqGvl1Y2Pzq5hiG', 3, 105, NULL, NULL, 'Via Trento', 'Italia', NULL, NULL, NULL, '0', 0, '1', 1, 1, NULL, NULL, NULL, NULL, NULL, NULL, 'BK0', '2019-07-11 15:04:20', '2019-07-11 15:04:20', NULL, NULL, NULL, NULL, NULL, '0', NULL, NULL, 1, 0),
(140, 'Antonio', 'Walls', 'V22BVW', '6755554444', '34343', 'anton45@yopmail.com', '$2y$10$2mQr.qSrNQnIJULPWuDF/OfkAZbAzNE8hS7M0lp80fM/V3gyST31S', 2, 138, 'kvabCIQFffCxCpisIgUTO7OR2Vj6EukTDuVUXg0FxGh7AcLPHZAjQXsB1z6y', '2004-04-12', NULL, 'myregion', NULL, '546757', '56546', '1', 0, '1', 1, 1, NULL, '1562842198.jpg', 'tedt', '43422', 'REW bank', 'anton45@yopmail.com', 'BK2', '2019-07-11 15:36:50', '2019-07-15 18:04:21', '', '', '', '', NULL, '0', 0, NULL, 1, 0),
(141, 'Simone', 'Jacopo', 'DGPMBQ', '7555332222', '76755', 'simone55@yopmail.com', '$2y$10$yjs0sswSSDPytsCD9fIwjezWGtCnaTRcRn/xuxTZrV//IrI6PjHHa', 2, 140, 'BxPNtGwuSnvRfkoCYTjjQZl5EtUk3IiPx60KjnQ48JiQ8GbUDxO93v8EoSna', '1997-07-15', NULL, 'hello2', NULL, '52333', 'test', '1', 0, '1', 1, 1, NULL, '1562843067.jpg', 'test129', '12004', 'IDIDI', 'simone55@yopmail.com', 'BK2', '2019-07-11 16:01:10', '2019-07-15 18:04:21', '', '', '', '', NULL, '0', 0, NULL, 1, 0),
(142, 'Luigi', 'Elia', 'HXV3HY', '7566644433', '65433', 'luigielia@yopmail.com', '$2y$10$Z.vsF9bjRPu.RAwao9egjO58.e0nczGRKHn3DIEKcTL4K0cLDX2sK', 2, 141, 'SQ6MSKE1flBA9Ht0DIh4y9rJo4wjT9wFSe8l2flcY2yiddPKUTIhzuGiJ4Bi', '1987-12-10', NULL, 'hello22', NULL, '52666', 'test990', '1', 0, '1', 1, 1, NULL, '1562844496.png', 'test123', '56410', 'etstboss', 'luigielia@yopmail.com', 'BK2', '2019-07-11 16:18:59', '2019-07-15 18:04:21', '', '', '', '', NULL, '0', 0, NULL, 1, 0),
(143, 'Filippo', 'Nicola', '0GIHG8', '5645444444', '22323', 'filipponic@yopmail.com', '$2y$10$FyuJxsEwlkDKDhAPRWKxMuzTdwVmqauElMtxPL/dWP4PD6yEmSiN6', 2, 142, 'NEnW2p5KyAf7WuvLLfFpLfJ03wLa5o5cT6QtdwxpYICp8OoDCBZJkaXiz7vw', '1973-03-11', NULL, 'hello239', NULL, '50009', 'test93', '1', 0, '1', 1, 1, NULL, '1562845141.jpg', 'test123434', '12066', 'IDIDA', 'filipponic@yopmail.com', 'BK2', '2019-07-11 16:35:24', '2019-07-15 18:04:21', 'www.google.com', 'www.google.com', 'www.google.com', 'www.google.com', NULL, '0', 0, NULL, 1, 0),
(144, 'Anatole', 'Noa', 'JOAIKT', '9800000989', '34567', 'anatolenoa@yopmail.com', '$2y$10$mD8bltA1lU/qZQp/ufG1c.A6ktMRbwy738cjwrZS3By/CzpmHIxg6', 2, 143, 'J78I7JP8YoGvTtysf2K2Hq06sK515zSBwf5UFRKeCDPiSWKpxRRKzb6cBgMW', '2000-02-21', NULL, 'hello22', NULL, '50009', 'test333', '1', 1, '1', 1, 1, NULL, '1562845581.png', 'test12', '12000', 'IDIDI', 'anatolenoa@yopmail.com', 'BK2', '2019-07-11 16:45:10', '2019-07-15 18:04:21', 'www.google.com', 'www.google.com', 'www.google.com', 'www.google.com', NULL, '0', 0, NULL, 1, 0),
(145, 'Nathanael', 'Anis', 'DNJRWO', '5645321111', '88877', 'nathanaelanis@yopmail.com', '$2y$10$l7k.RAK/U9WRiLRfqH6hv.dd06lLC7xvANNuK338ENhtq4a3pxsMa', 2, 143, 'W7gnEzXdfRcPDkTP7W5CV47EBC4Jimrk9dVJxEdZa3FfvxJqwkv0f4lcylGz', '1996-07-30', NULL, 'hello30', NULL, '52300', 'test990', '1', 0, '1', 1, 1, NULL, '1562846110.jpg', 'testjji', '12007', 'IDIDI', 'nathanaelanis@yopmail.com', 'BK2', '2019-07-11 16:53:29', '2019-07-15 18:04:21', 'www.google.com', 'www.google.com', 'www.google.com', 'www.google.com', NULL, '0', 0, NULL, 1, 0),
(146, 'Mathias', 'Stanislas', 'IZ0ZRV', '4445556677', '54544', 'mathiasstan@yopmail.com', '$2y$10$kNm9fVm5Yu.7CAvIemgnvOnHTlL7Oab.Dt5ZrjJnaCAj7m.sHmBdS', 2, 143, 'a4RoMTDmHD7wDGtGASaLOP7HknmNwHvqiSICYKQ85JoLEDZRKbTW0NrBFhay', '1994-05-07', NULL, 'hello2', NULL, '50009', 'test333', '1', 0, '1', 1, 1, NULL, '1562850990.jpg', 'test123', '12007', 'HDJC', 'mathiasstan@yopmail.com', 'BK4', '2019-07-11 17:40:06', '2019-07-12 20:09:03', 'www.google.com', 'www.google.com', 'www.google.com', 'www.google.com', NULL, '0', NULL, NULL, 1, 0),
(147, 'Alessandro Peli', 'Alessandro Peli', NULL, NULL, '25112', 'alessandropeli@yopmail.com', '$2y$10$Vg7huNvY2X3dEjBmZ5pdc.2tLphYHFRFRJ/gHC1gq2joUYPSxBF.y', 3, 91, '4kUgQvyoMXl8H1TrcidYrCGQ6M2IHfb6oRZDJkdlOm5BucaDtAQoK0R4GFak', NULL, 'Via Trento', 'Brescia', NULL, NULL, NULL, '0', 0, '1', 1, 1, NULL, NULL, NULL, NULL, NULL, NULL, 'BK0', '2019-07-11 19:59:27', '2019-07-11 19:59:27', NULL, NULL, NULL, NULL, NULL, '0', NULL, NULL, 1, 0),
(148, 'Matteo Sandrini', 'matteosandrini', NULL, '3400558442', '23455', 'matteosandrini@yopmail.com', '$2y$10$XGfy7Ueel62i4oBFfXyU2OYCeAuPM61JpVEXNz8aEipB36t3H5nx6', 4, 91, 'HPkGJuJSm1ucT7wZWiReNJ2CKH1YiTWK98JQvEpwpha79VRF8W4F9Lv95uZw', '0000-00-00', 'Via Ambaraga, Brescia, BS, ItaliaBrescia, Lombardia, Italia', 'Brescia', '', '', '28825534002772893', '1', 0, '1', 1, 1, NULL, NULL, 'Pasticceria Peo', '', '', '', 'BK0', '2019-07-11 20:08:40', '2019-07-11 20:12:10', NULL, NULL, NULL, NULL, NULL, '0', NULL, NULL, 1, 0),
(149, 'Federico', 'Bazzoni', 'ZYISEC', '3400998921', '25122', 'federicobazzoni@yopmail.com', '$2y$10$V1hhae2iqLqtYoGNXpzk2OkUDhQ0PjtyuHAAQWtWRi85AxDIPrlTq', 2, 104, 'sJIpCpUfXXR9roVefbX2wnJ04gyzC3bxv72dxZn8fAkBH9DJuoRBTcFRRTlR', '1992-06-10', NULL, 'eee', NULL, '1882653nsx', '18725539000287264344', '1', 0, '1', 1, 1, NULL, NULL, 'wswsws', '243452356677678765543', 'ubibnca', 'eessdef@gmail.com', 'BK4', '2019-07-12 18:18:57', '2019-07-23 11:49:18', 'facebook.com', 'twitter.com', 'linkedIn.com', 'instagram.com', NULL, '0', 0, NULL, 1, 0),
(150, 'Sara Terraneo', 'saraterraneo', NULL, '3400998921', '23455', 'saraterraneo@yopmail.com', '$2y$10$evs/bzy0/IZOD31RWEfjnOyOH0hpEIO1IIuyT7G2ies4pOvKO4OYS', 4, 149, 'Mgm6nXgdtBGu8bn5TI1rT2LAvegdBAu6An1qjonjeXaJ03EJXKPcJTsnqlZP', '0000-00-00', 'Genova, GE, ItaliaGenova, Liguria, Italia', 'Genova', '', '', '3425676899087764554', '1', 0, '1', 1, 1, NULL, NULL, 'jahbddajkbj', '', '', '', 'BK0', '2019-07-12 21:02:02', '2019-07-12 21:09:46', NULL, NULL, NULL, NULL, NULL, '0', NULL, NULL, 1, 0),
(151, 'Luca', 'Bazzoni', 'NXETYT', '3423765409', '25112', 'lucabazzoni@yopmail.com', '$2y$10$nO9pLtDS7O7HA8eth.Tfz.fl.ZtvqDBEse.aRnysoTYiuuVIP5z6m', 2, 91, 'fuBS7D77dlER37nrqUcG1mIdS7JVuQJDVft5V0Xs', '1992-09-16', NULL, 'Lombardia', NULL, '2343245656', '1233455566644321', '1', 0, '1', 1, 1, NULL, NULL, 'lucabazzoni', '34467898789090879', 'ubi banca', 'lucabazzoni@yopmail.com', 'BK0', '2019-07-15 21:06:36', '2019-07-15 21:09:09', 'facebook.com', 'twitter.com', 'linkedIn.com', 'instagram.com', NULL, '0', NULL, NULL, 1, 0),
(152, 'Stella', 'Stella', NULL, NULL, '34334', 'stellla123@yopmail.com', '$2y$10$bEUUnfR0g0Okyfl/NsboA.g5AFbp1hS8/3bC6.IK6Ggv/QO1u6M/y', 3, 0, 'p3Xj082jSGGpILdxAYEeZge54G3chuxg3KIINkO6iek5zckGmuSC6avzF0DI', NULL, 'Italian Riviera, ItalyLiguria, Italy', 'italian city', NULL, NULL, NULL, '0', 0, '1', 1, 1, NULL, NULL, NULL, NULL, NULL, NULL, 'BK0', '2019-07-16 15:15:24', '2019-07-16 15:15:24', NULL, NULL, NULL, NULL, NULL, '0', NULL, NULL, 1, 0),
(153, 'Roberto', 'Roberto', NULL, NULL, '45455', 'rsp373@yopmail.com', '$2y$10$9RiCxcLu5YNn8Ao.i2ewL.PLk1pVziCI.Q1K4sTQWr9iHL8A9zetm', 3, 0, NULL, NULL, 'Test Road, Southampton, UKSouthampton, England, United Kingdom', 'Southampton', NULL, NULL, NULL, '0', 0, '1', 1, 1, NULL, NULL, NULL, NULL, NULL, NULL, 'BK0', '2019-07-16 16:38:07', '2019-07-16 16:38:07', NULL, NULL, NULL, NULL, NULL, '0', NULL, NULL, 1, 0),
(154, 'Berto', 'Berto', NULL, NULL, '67676', 'berto123@yopmail.com', '$2y$10$NCC/tNTrOrFNdbgcIph9UOKHLSEijJ0Fsr5F4u6Vgce.oPn3MSGha', 3, 136, NULL, NULL, 'Teston Road, Maple, ON, CanadaMaple, ON, Canada', 'Maple', NULL, NULL, NULL, '0', 0, '1', 1, 1, NULL, NULL, NULL, NULL, NULL, NULL, 'BK0', '2019-07-16 16:45:41', '2019-07-16 17:13:59', NULL, NULL, NULL, NULL, NULL, '0', NULL, NULL, 1, 0),
(155, 'Albertoo', 'Albertoo', NULL, NULL, 'NE36 0BG', 'aberto123@yopmail.com', '$2y$10$QrbYvPfbDo9q/MbyWMd2oOU0MemmOUTJoDR/8jvdR5ehsZCKk.8yy', 3, 141, NULL, NULL, 'Teston Road, Maple, ON, CanadaMaple, ON, Canada', 'Maple', NULL, NULL, NULL, '0', 0, '1', 1, 1, NULL, NULL, NULL, NULL, NULL, NULL, 'BK0', '2019-07-16 19:18:52', '2019-07-16 19:18:54', NULL, NULL, NULL, NULL, NULL, '0', NULL, NULL, 1, 0),
(156, 'Manuel', 'Peli', '7LRZLQ', '3423765409', '25112', 'manuelpeli@yopmail.com', '$2y$10$9I6J3frpSJzpwagvQL0vZewBCPhUUAMa9bdx9ovW045AcunqM2xI2', 2, 91, 'nDHreZuiDj4NmRQ7k0MaXwAsD4FCYBCEzUa3zI09', '1999-12-25', NULL, 'Lombardia', NULL, '1234567865', '32445478965432146578', '1', 0, '1', 1, 1, NULL, NULL, 'eeeee', '1212456556786897876543', 'ubi banca', 'manuelpeli@yopmail.com', 'BK0', '2019-07-16 20:23:30', '2019-07-16 20:29:07', 'facebook.com', 'twitter.com', 'linkedIn.com', 'instagram.com', NULL, '0', NULL, NULL, 1, 0),
(157, 'Cathrin jone', 'Cathrin jone', NULL, NULL, '76677', 'catheri@yopmail.com', '$2y$10$nBNC5gDz82keWiU4uY569ewa9lGf8vbeKxnFjGLtUP4E8k.ZrG/LK', 3, 141, 'NcK04nIlN6ZKdnrh01wfwaREjkZI2kbmJXFjsjBgoltV3CYkqVNcDLlSqDxz', NULL, 'Teston Road, Maple, ON, CanadaMaple, ON, Canada', 'Maple', NULL, NULL, NULL, '0', 0, '1', 1, 1, NULL, NULL, NULL, NULL, NULL, NULL, 'BK0', '2019-07-17 13:44:29', '2019-07-17 13:44:29', NULL, NULL, NULL, NULL, NULL, '0', NULL, NULL, 1, 0),
(158, 'Alessandro Lucci', 'Alessandro Lucci', NULL, NULL, '25062', 'alessandrolucci@yopmail.com', '$2y$10$uZQMsYjpRiDctQqYU8.yMehkoTkEQg.Y/3MqKzzE/RwFErYJfHXBa', 3, 98, NULL, NULL, 'Concesio, BS, ItaliaConcesio, Lombardia, Italia25062, ', 'Concesio', NULL, NULL, NULL, '0', 0, '1', 1, 1, NULL, NULL, NULL, NULL, NULL, NULL, 'BK0', '2019-07-17 14:52:42', '2019-07-17 14:52:43', NULL, NULL, NULL, NULL, NULL, '0', NULL, NULL, 1, 0),
(159, 'Cathy Jonas', 'Cathy Jonas', NULL, NULL, '33322', 'cathi1234@yopmail.com', '$2y$10$OWPbymU1PraGGw65ajQvzuHyXUAwlXaHeVhaYTQ0IzTJ1SpKyEPkG', 3, 143, NULL, NULL, 'Teston Road, Maple, ON, CanadaMaple, ON, Canada', 'Maple', NULL, NULL, NULL, '0', 0, '1', 1, 1, NULL, NULL, NULL, NULL, NULL, NULL, 'BK0', '2019-07-17 15:08:07', '2019-07-17 15:08:07', NULL, NULL, NULL, NULL, NULL, '0', NULL, NULL, 1, 0),
(160, 'cathy taylor', 'cathy taylor', NULL, NULL, '56454', 'cathi12345@yopmail.com', '$2y$10$WwCLeLSP5hXtKU2muIQorOj7QvryTpUjstPYCKotCimW/k2pDtV.y', 3, 88, 'v9kGfS1kvx0KIj1siDMjYWWwzmTOnJx63d9h6SLjs9nUDmYprmGEnZJ4e1xM', NULL, 'Teston Road, Maple, ON, CanadaMaple, ON, Canada', 'Maple', NULL, NULL, NULL, '0', 0, '1', 1, 1, NULL, NULL, NULL, NULL, NULL, NULL, 'BK0', '2019-07-17 15:11:59', '2019-07-17 15:11:59', NULL, NULL, NULL, NULL, NULL, '0', NULL, NULL, 1, 0),
(161, 'Sicily  Rochelle', 'Sic', NULL, '6666555544', '45433', 'sodhi23@yopmail.com', '$2y$10$UNm.goSSCCO80u31p.DpzOiPK5Xbo4UGHFUIAhu36xVDkgu3CjPzq', 4, 143, 'gipRtx2qLoxkT0QRx0QxY8Xks0lXSZe08l4nCiuvXReLfEyIeG8jNsaqKa0x', '0000-00-00', 'Manchester, UKManchester, England, United Kingdom', 'Manchester', '', '', 'HETW77368', '1', 0, '1', 1, 1, NULL, NULL, '', '', '', '', 'BK0', '2019-07-17 18:27:10', '2019-07-19 15:54:51', NULL, NULL, NULL, NULL, NULL, '0', NULL, NULL, 1, 0),
(162, 'Nuncio', 'test', 'W3RCF4', '5645444411', '66789', 'nuncio@yopmail.com', '$2y$10$7OqC2rO0WjIu5q5Lfuwg3.JIIqqRb4qgFEy3fEDamtYyZ8ap9wGiy', 2, 143, 'lfXA5YgmwPMAuzTo0ryU5zzNdR8cnUB8wLtDDlUNpZqPSpFXXzFKeMWkEeAV', '2000-07-17', NULL, 'myregion', NULL, '6546546', '', '1', 0, '1', 1, 1, NULL, '1563371972.png', 'testcomp', '73472', 'OICOI', 'nuncio@yopmail.com', 'BK0', '2019-07-17 18:39:42', '2019-07-17 18:59:32', '', '', '', '', NULL, '0', NULL, NULL, 1, 0),
(163, 'Enzo', 'Armani', 'EENVC5', '7654334455', '73745', 'enzo703@yopmail.com', '$2y$10$J3WUH7/iZYcZwdN20TJ7IOf0pH3b7R/jLPayWkdsGKkdYoN1nhy12', 2, 136, 'G357gCjr3fniW9Tw3hvl4bsKuhxtWZqJfUEqijaz5OnvLvjE7KfD7yMD8yiE', '1995-02-07', NULL, 'testregion', NULL, '454564DDDF', '', '1', 0, '1', 1, 1, NULL, '1563452089.png', 'region', '63377', 'RITR', 'enzo703@yopmail.com', 'BK0', '2019-07-18 16:59:50', '2019-07-18 17:14:49', '', '', '', '', NULL, '0', NULL, NULL, 1, 0),
(164, 'Carmelo', 'Romina', 'KKLLKB', '1234000000', '34343', 'carmeloo@yopmail.com', '$2y$10$7UHUaRnRof51eXTIIfhOx.8AjH/e9x7d2gtmehg23MMdkH7vgbDOS', 2, 136, 'qdmj9AE75aAg5Bqmj6PDxQORlMiLRHdkAmKSFGaNjgafrsVbu3vaphshvpWl', '1987-09-10', NULL, 'regionmg', NULL, '6565', '', '1', 0, '1', 1, 1, NULL, '1563453007.png', 'universe', '564667', 'FREE', 'carmeloo@yopmail.com', 'BK0', '2019-07-18 17:27:50', '2019-07-19 17:25:11', '', '', '', '', NULL, '0', NULL, NULL, 1, 0),
(165, 'Giovini', 'nill', NULL, '5555544433', '66678', 'giovini@yopmail.com', '$2y$10$H6ZzuyEhQ2t9Ves9PVA7..cVsg1UeQmUhnOGUvI/BxqnaiJ6fo8NW', 4, 0, 'ainieV5hmIRwDdNBYgrwmUgIqoahf6GjZpreM90Zzo9Bj7Mod042C8TIEJyR', NULL, NULL, NULL, NULL, NULL, '788DFFG', '1', 0, '1', 1, 1, NULL, NULL, NULL, NULL, NULL, NULL, 'BK0', '2019-07-19 17:05:06', '2019-07-19 17:06:52', NULL, NULL, NULL, NULL, NULL, '0', NULL, NULL, 0, 0),
(166, 'Casertano', 'Etta', NULL, '4564444422', '45444', 'casertano@yopmail.com', '$2y$10$SG.JIAOys2B2bGi2xcwZsOuUvYJJ3cSveufyTexp7.N/Fnew36wtu', 4, 0, '07UHWQILHjPHRmRDV5RLeUKPzL0pSSFQzypOBIvOWvlPu4ScosqfGoEX3hKv', '0000-00-00', '4 Street, Lubbock, TX, USALubbock, TX, United States', 'Lubbock', '', '', '56756FFF', '1', 0, '1', 1, 1, NULL, NULL, '', '', '', '', 'BK0', '2019-07-19 17:29:43', '2019-07-19 17:31:15', NULL, NULL, NULL, NULL, NULL, '0', NULL, NULL, 0, 0),
(167, 'Danny', 'test', NULL, '5554434564', '3272', 'dann123@yopmail.com', '$2y$10$uuo9z2VTMHGOFToc8/hx3OpehOsWUkzMKXS7KtzgWRMJD33awZjj.', 4, 0, 'uaRDrQGR1kLZD2c5mPgneUuvuBiNdS129WtWcQ6oz9yYgxDsdGYj9r7hj4eB', '0000-00-00', 'Testelt, Scherpenheuvel-Zichem, BelgiumTestelt, Flanders, Belgium3272,', 'Testelt', '', '', '565789D', '1', 0, '1', 1, 1, NULL, NULL, '', '', '', '', 'BK0', '2019-07-22 13:13:15', '2019-07-22 13:14:19', NULL, NULL, NULL, NULL, NULL, '0', NULL, NULL, 0, 0),
(169, 'Simon', 'Dell', NULL, '8873747588', '32724', 'simmoonn@yopmail.com', '$2y$10$ve.YyNU97pyy6qybaaqmUOgv2defHPCPxt3nu4Tmh17l81M00Gpo.', 4, 0, '65BpnFuQSBZCdrT6VLx3gacZ7PrW4b31j0YgImbMcWadEGqVry7FXT69sPRN', '0000-00-00', 'Testelt, Scherpenheuvel-Zichem, BelgiumTestelt, Flanders, Belgium3272,', 'Testelt', '', '', '54353TE', '1', 0, '1', 1, 1, NULL, NULL, '', '', '', '', 'BK0', '2019-07-22 14:07:45', '2019-07-22 14:34:02', NULL, NULL, NULL, NULL, NULL, '0', NULL, NULL, 0, 0),
(171, 'Rico', 'Giuseppe', 'SEVNJM', '8877555544', '33344', 'ricogiuseppe@yopmail.com', '$2y$10$.BHPfYEAnPJL0YqUIVYhqedFujaTRg1nklDU/iP2T7F9lnbY7iP0K', 2, 108, '62jwIAbLFMDUQk4RKnx0Fcxqm7lLI8Y3TtLBKaYxtvcXXCZzVlT94ukhZ7e7', NULL, NULL, NULL, NULL, NULL, NULL, '0', 0, '1', 1, 1, NULL, NULL, NULL, NULL, NULL, NULL, 'BK0', '2019-07-24 15:03:27', '2019-07-24 16:44:41', NULL, NULL, NULL, NULL, NULL, '0', NULL, NULL, 1, 0),
(172, 'Loretta', 'Donte', 'EXA2GU', '6786755544', '55577', 'lorettadonte@yopmail.com', '$2y$10$C7Eyu8ydmXlYKS6ZUdRUwOjiBHdR2KFN2NTMqEpoY8vHdWXPLlVh2', 2, 109, 'QwYSmkOJON1X7IeChs86na8fN1ait0awdYjYuTdi2oW44yQIxh2K8XSVhFMp', '1994-05-23', NULL, 'hello22', NULL, '52300', 'test990', '1', 0, '1', 1, 1, NULL, '1563963397.png', 'test12', '12000', 'IDIDA', 'lorettadonte@yopmail.com', 'BK2', '2019-07-24 15:12:24', '2019-07-24 16:19:52', '', '', '', '', NULL, '0', NULL, NULL, 1, 0),
(173, 'Agnolo', 'Etta', 'TOE2LQ', '5646444445', '34377', 'agnolo@yopmail.com', '$2y$10$RfzBclX6y3LMWRN0jaO77ucG3KCet8vyJ7FTD3iMSGGehYcl2TwWC', 2, 109, '6TQMcubn0V1uE15Mp8CIIiq1T5mobF3hylwDfICP', NULL, NULL, NULL, NULL, NULL, NULL, '0', 0, '1', 1, 1, NULL, NULL, NULL, NULL, NULL, NULL, 'BK0', '2019-07-24 16:13:24', '2019-07-24 16:13:46', NULL, NULL, NULL, NULL, NULL, '0', NULL, NULL, 1, 0),
(174, 'Arnaud', 'Baldwin', 'ZJZEME', '6666555544', '45444', 'arnaudbaldwin@yopmail.com', '$2y$10$X9NEd38YnDhC2D8.p18C/Oyn0cQr51zV.dzrPBewVMeuL6qJmb8t.', 2, 172, 'RNS9pPl3DB68YFDJyw3kFWfzrEMM5TpamM4x4TfPOtkZ9XJwSH6t5L6Rvopx', '1982-01-30', NULL, 'Testelt', NULL, '52000', '', '1', 0, '1', 1, 1, NULL, '1563967687.jpg', 'test17', '12032', 'IDIDA', 'arnaudbaldwin@yopmail.com', 'BK0', '2019-07-24 16:24:29', '2019-07-24 16:28:08', '', '', '', '', NULL, '0', NULL, NULL, 1, 0),
(175, 'soffia', 'Daxton', '6J5LG6', '4778999987', '98766', 'soffia@yopmail.com', '$2y$10$1TsnJVQBNLlBDCboXY13yuP3viz6NLbNBoVRIx/guHYaz9r/Sd9ba', 2, 142, '20UL1l9Tl07KnyhE82IAmyRTHNWGJYkIQvd8cUhw018HVR4Ck83Hd0BhJ5np', '1997-07-15', NULL, 'Testelt', NULL, '52324', '', '1', 0, '1', 1, 1, NULL, '1563968380.jpg', 'test12', '12004', 'ICO', 'soffia@yopmail.com', 'BK0', '2019-07-24 16:36:12', '2019-07-24 16:39:41', '', '', '', '', NULL, '0', NULL, NULL, 1, 0),
(176, 'Richard', 'Ronin', 'VZCZFQ', '9865435674', '55567', 'richardronin@yopmail.com', '$2y$10$THNYwJW8UJ13Mt8IOZ8K4.naLzP2PsdTEeZHYJyOBasTftJ4R1YYS', 2, 108, '8UuY6rK35e6sqzFLtRJfRL7BapNyqbBtjx2S1XVV11QUYQOEAHmQ9WpMxhF8', '2001-07-09', NULL, 'hello22', NULL, '52300', '', '1', 0, '1', 1, 1, NULL, '1563970130.jpg', 'test12', '12000', 'HDJC', 'richardronin@yopmail.com', 'BK0', '2019-07-24 17:05:37', '2019-07-26 14:51:35', '', '', '', '', NULL, '0', NULL, NULL, 1, 0);

-- --------------------------------------------------------

--
-- Table structure for table `user_ratings`
--

CREATE TABLE `user_ratings` (
  `id` int(11) NOT NULL,
  `user_id` bigint(20) NOT NULL,
  `aff_id` bigint(20) NOT NULL,
  `rate` int(11) NOT NULL,
  `headline` text,
  `review` text,
  `updated_at` timestamp NOT NULL DEFAULT CURRENT_TIMESTAMP ON UPDATE CURRENT_TIMESTAMP,
  `created_at` timestamp NOT NULL DEFAULT '0000-00-00 00:00:00'
) ENGINE=InnoDB DEFAULT CHARSET=latin1;

--
-- Dumping data for table `user_ratings`
--

INSERT INTO `user_ratings` (`id`, `user_id`, `aff_id`, `rate`, `headline`, `review`, `updated_at`, `created_at`) VALUES
(3, 54, 43, 3, 'test 2', 'test 2 test 2 test 2 test 2 test 2 test 2 test 2 test 2 test 2 test 2 test 2 test 2 test 2 test 2 test 2 test 2 test 2 test 2 test 2 test 2 test 2 test 2 test 2 test 2 test 2 test 2 test 2 test 2 test 2 test 2', '2019-05-13 07:30:47', '2019-05-13 07:30:47'),
(5, 52, 57, 4, 'Sergio', 'Test', '2019-06-07 15:30:07', '2019-05-27 17:16:35'),
(6, 54, 57, 2, 'Sergio', 'test test test test test test test test test test test test test test test test test test test test test test test test test test test test test test test test test test test test test test test test test test test test test test test test test test test test test test test test test test test test test test test test test test test test test test test test test test test test test test test test test test test test test', '2019-06-07 20:23:38', '2019-06-07 20:20:48'),
(7, 54, 66, 4, 'Sergio', 'test', '2019-06-07 20:54:11', '2019-06-07 20:54:11'),
(8, 79, 57, 2, 'test7', 'test4', '2019-06-17 20:14:56', '2019-06-17 20:14:56'),
(9, 131, 97, 2, 'vipin', 'test 1', '2019-07-10 18:51:27', '2019-07-10 18:48:20'),
(10, 147, 57, 3, 'Alessandro Peli', 'bello!', '2019-07-11 20:06:37', '2019-07-11 20:06:26'),
(11, 160, 57, 5, 'cathy taylor', 'test my review111\r\nLorem Ipsum is simply dummy text of the printing and typesetting industry. Lorem Ipsum has been the industry\'s standard dummy text ever since the 1500s, when an unknown printer took a galley of type and scrambled it to make a type specimen book. It has survived not only five centuries, but also the leap into electronic typesetting, remaining essentially unchanged. It was popularised in the 1960s with the release of Letraset sheets containing Lorem Ipsum passages, and more recently with desktop publishing software like Aldus PageMaker including versions of Lorem Ipsum.\r\nLorem Ipsum is simply dummy text of the printing and typesetting industry. Lorem Ipsum has been the industry\'s standard dummy text ever since the 1500s, when an unknown printer took a galley of type and scrambled it to make a type specimen book. It has survived not only five centuries, but also the leap into electronic typesetting, remaining essentially unchanged. It was popularised in the 1960s with the release of Letraset sheets containing Lorem Ipsum passages, and more recently with desktop publishing software like Aldus PageMaker including versions of Lorem Ipsum.\r\nLorem Ipsum is simply dummy text of the printing and typesetting industry. Lorem Ipsum has been the industry\'s standard dummy text ever since the 1500s, when an unknown printer took a galley of type and scrambled it to make a type specimen book. It has survived not only five centuries, but also the leap into electronic typesetting, remaining essentially unchanged. It was popularised in the 1960s with the release of Letraset sheets containing Lorem Ipsum passages, and more recently with desktop publishing software like Aldus PageMaker including versions of Lorem Ipsum.\r\nLorem Ipsum is simply dummy text of the printing and typesetting industry. Lorem Ipsum has been the industry\'s standard dummy text ever since the 1500s, when an unknown printer took a galley of type and scrambled it to make a type specimen book. It has survived not only five centuries, but also the leap into electronic typesetting, remaining essentially unchanged. It was popularised in the 1960s with the release of Letraset sheets containing Lorem Ipsum passages, and more recently with desktop publishing software like Aldus PageMaker including versions of Lorem Ipsum.\r\nLorem Ipsum is simply dummy text of the printing and typesetting industry. Lorem Ipsum has been the industry\'s standard dummy text ever since the 1500s, when an unknown printer took a galley of type and scrambled it to make a type specimen book. It has survived not only five centuries, but also the leap into electronic typesetting, remaining essentially unchanged. It was popularised in the 1960s with the release of Letraset sheets containing Lorem Ipsum passages, and more recently with desktop publishing software like Aldus PageMaker including versions of Lorem Ipsum.', '2019-07-17 15:25:40', '2019-07-17 15:16:38'),
(12, 160, 66, 2, 'cathy taylor', 'Lorem Ipsum is simply dummy text of the printing and typesetting industry. Lorem Ipsum has been the industry\'s standard dummy text ever since the 1500s, when an unknown printer took a galley of type and scrambled it to make a type specimen book. It has survived not only five centuries, but also the leap into electronic typesetting,', '2019-07-17 15:19:31', '2019-07-17 15:19:31'),
(13, 160, 87, 1, 'cathy taylor', 'remaining essentially unchanged. It was popularised in the 1960s with the release of Letraset sheets containing Lorem Ipsum passages, and more recently with desktop publishing software like Aldus PageMaker including versions of Lorem Ipsum.', '2019-07-17 15:20:38', '2019-07-17 15:20:38'),
(14, 160, 116, 4, 'cathy taylor', 'Lorem Ipsum is simply dummy text of the printing and typesetting industry. Lorem Ipsum has been the industry\'s standard dummy text ever since the 1500s, when an unknown printer took a galley of type and scrambled it to make a type specimen book. It has survived not only five centuries, but also the leap into electronic typesetting, remaining essentially unchanged. It was popularised in the 1960s with the release of Letraset sheets containing Lorem Ipsum passages, and more recently with desktop publishing software like Aldus PageMaker including versions of Lorem Ipsum.Lorem Ipsum is simply dummy text of the printing and typesetting industry. Lorem Ipsum has been the industry\'s standard dummy text ever since the 1500s, when an unknown printer took a galley of type and scrambled it to make a type specimen book. It has survived not only five centuries, but also the leap into electronic typesetting, remaining essentially unchanged. It was popularised in the 1960s with the release of Letraset sheets containing Lorem Ipsum passages, and more recently with desktop publishing software like Aldus PageMaker including versions of Lorem Ipsum.Lorem Ipsum is simply dummy text of the printing and typesetting industry. Lorem Ipsum has been the industry\'s standard dummy text ever since the 1500s, when an unknown printer took a galley of type and scrambled it to make a type specimen book. It has survived not only five centuries, but also the leap into electronic typesetting, remaining essentially unchanged. It was popularised in the 1960s with the release of Letraset sheets containing Lorem Ipsum passages, and more recently with desktop publishing software like Aldus PageMaker including versions of Lorem Ipsum.', '2019-07-17 15:22:47', '2019-07-17 15:22:47');

--
-- Indexes for dumped tables
--

--
-- Indexes for table `affiliate_category`
--
ALTER TABLE `affiliate_category`
  ADD PRIMARY KEY (`id`);

--
-- Indexes for table `billing_detail`
--
ALTER TABLE `billing_detail`
  ADD PRIMARY KEY (`id`);

--
-- Indexes for table `bonus_management`
--
ALTER TABLE `bonus_management`
  ADD PRIMARY KEY (`id`);

--
-- Indexes for table `calendar_management`
--
ALTER TABLE `calendar_management`
  ADD PRIMARY KEY (`id`);

--
-- Indexes for table `checkout`
--
ALTER TABLE `checkout`
  ADD PRIMARY KEY (`id`);

--
-- Indexes for table `cms_pages`
--
ALTER TABLE `cms_pages`
  ADD PRIMARY KEY (`id`);

--
-- Indexes for table `commission`
--
ALTER TABLE `commission`
  ADD PRIMARY KEY (`id`);

--
-- Indexes for table `convertion`
--
ALTER TABLE `convertion`
  ADD PRIMARY KEY (`id`);

--
-- Indexes for table `dealers`
--
ALTER TABLE `dealers`
  ADD PRIMARY KEY (`id`);

--
-- Indexes for table `dealer_detail`
--
ALTER TABLE `dealer_detail`
  ADD PRIMARY KEY (`id`);

--
-- Indexes for table `dealer_images`
--
ALTER TABLE `dealer_images`
  ADD PRIMARY KEY (`id`);

--
-- Indexes for table `dealer_post`
--
ALTER TABLE `dealer_post`
  ADD PRIMARY KEY (`post_id`);

--
-- Indexes for table `elearningdocs`
--
ALTER TABLE `elearningdocs`
  ADD PRIMARY KEY (`id`);

--
-- Indexes for table `e_wallet`
--
ALTER TABLE `e_wallet`
  ADD PRIMARY KEY (`id`);

--
-- Indexes for table `livello_list`
--
ALTER TABLE `livello_list`
  ADD PRIMARY KEY (`id`);

--
-- Indexes for table `migrations`
--
ALTER TABLE `migrations`
  ADD PRIMARY KEY (`id`);

--
-- Indexes for table `minimum_value_point`
--
ALTER TABLE `minimum_value_point`
  ADD PRIMARY KEY (`id`);

--
-- Indexes for table `notifications`
--
ALTER TABLE `notifications`
  ADD PRIMARY KEY (`id`);

--
-- Indexes for table `order_detail`
--
ALTER TABLE `order_detail`
  ADD PRIMARY KEY (`id`);

--
-- Indexes for table `password_resets`
--
ALTER TABLE `password_resets`
  ADD PRIMARY KEY (`id`);

--
-- Indexes for table `payment_history`
--
ALTER TABLE `payment_history`
  ADD PRIMARY KEY (`id`);

--
-- Indexes for table `paypal_setting`
--
ALTER TABLE `paypal_setting`
  ADD PRIMARY KEY (`id`);

--
-- Indexes for table `set_reminder`
--
ALTER TABLE `set_reminder`
  ADD PRIMARY KEY (`id`);

--
-- Indexes for table `subscription_plans`
--
ALTER TABLE `subscription_plans`
  ADD PRIMARY KEY (`plan_id`);

--
-- Indexes for table `test`
--
ALTER TABLE `test`
  ADD PRIMARY KEY (`id`);

--
-- Indexes for table `upgrade_pv_conversion`
--
ALTER TABLE `upgrade_pv_conversion`
  ADD PRIMARY KEY (`id`);

--
-- Indexes for table `upload-card`
--
ALTER TABLE `upload-card`
  ADD PRIMARY KEY (`id`);

--
-- Indexes for table `users`
--
ALTER TABLE `users`
  ADD PRIMARY KEY (`id`);

--
-- Indexes for table `user_ratings`
--
ALTER TABLE `user_ratings`
  ADD PRIMARY KEY (`id`);

--
-- AUTO_INCREMENT for dumped tables
--

--
-- AUTO_INCREMENT for table `affiliate_category`
--
ALTER TABLE `affiliate_category`
  MODIFY `id` int(10) NOT NULL AUTO_INCREMENT, AUTO_INCREMENT=18;
--
-- AUTO_INCREMENT for table `billing_detail`
--
ALTER TABLE `billing_detail`
  MODIFY `id` int(20) NOT NULL AUTO_INCREMENT, AUTO_INCREMENT=47;
--
-- AUTO_INCREMENT for table `bonus_management`
--
ALTER TABLE `bonus_management`
  MODIFY `id` int(10) NOT NULL AUTO_INCREMENT, AUTO_INCREMENT=5;
--
-- AUTO_INCREMENT for table `calendar_management`
--
ALTER TABLE `calendar_management`
  MODIFY `id` int(10) NOT NULL AUTO_INCREMENT, AUTO_INCREMENT=11;
--
-- AUTO_INCREMENT for table `checkout`
--
ALTER TABLE `checkout`
  MODIFY `id` int(10) NOT NULL AUTO_INCREMENT, AUTO_INCREMENT=47;
--
-- AUTO_INCREMENT for table `cms_pages`
--
ALTER TABLE `cms_pages`
  MODIFY `id` int(10) NOT NULL AUTO_INCREMENT, AUTO_INCREMENT=6;
--
-- AUTO_INCREMENT for table `commission`
--
ALTER TABLE `commission`
  MODIFY `id` int(90) NOT NULL AUTO_INCREMENT, AUTO_INCREMENT=326;
--
-- AUTO_INCREMENT for table `convertion`
--
ALTER TABLE `convertion`
  MODIFY `id` int(10) NOT NULL AUTO_INCREMENT, AUTO_INCREMENT=13;
--
-- AUTO_INCREMENT for table `dealers`
--
ALTER TABLE `dealers`
  MODIFY `id` int(10) UNSIGNED NOT NULL AUTO_INCREMENT, AUTO_INCREMENT=61;
--
-- AUTO_INCREMENT for table `dealer_detail`
--
ALTER TABLE `dealer_detail`
  MODIFY `id` int(11) NOT NULL AUTO_INCREMENT, AUTO_INCREMENT=29;
--
-- AUTO_INCREMENT for table `dealer_images`
--
ALTER TABLE `dealer_images`
  MODIFY `id` int(11) NOT NULL AUTO_INCREMENT, AUTO_INCREMENT=43;
--
-- AUTO_INCREMENT for table `dealer_post`
--
ALTER TABLE `dealer_post`
  MODIFY `post_id` int(11) NOT NULL AUTO_INCREMENT, AUTO_INCREMENT=34;
--
-- AUTO_INCREMENT for table `elearningdocs`
--
ALTER TABLE `elearningdocs`
  MODIFY `id` int(11) NOT NULL AUTO_INCREMENT, AUTO_INCREMENT=29;
--
-- AUTO_INCREMENT for table `e_wallet`
--
ALTER TABLE `e_wallet`
  MODIFY `id` int(90) NOT NULL AUTO_INCREMENT, AUTO_INCREMENT=10;
--
-- AUTO_INCREMENT for table `livello_list`
--
ALTER TABLE `livello_list`
  MODIFY `id` int(11) NOT NULL AUTO_INCREMENT, AUTO_INCREMENT=17;
--
-- AUTO_INCREMENT for table `migrations`
--
ALTER TABLE `migrations`
  MODIFY `id` int(10) UNSIGNED NOT NULL AUTO_INCREMENT;
--
-- AUTO_INCREMENT for table `minimum_value_point`
--
ALTER TABLE `minimum_value_point`
  MODIFY `id` int(10) NOT NULL AUTO_INCREMENT, AUTO_INCREMENT=11;
--
-- AUTO_INCREMENT for table `notifications`
--
ALTER TABLE `notifications`
  MODIFY `id` int(11) NOT NULL AUTO_INCREMENT, AUTO_INCREMENT=212;
--
-- AUTO_INCREMENT for table `order_detail`
--
ALTER TABLE `order_detail`
  MODIFY `id` int(10) NOT NULL AUTO_INCREMENT, AUTO_INCREMENT=45;
--
-- AUTO_INCREMENT for table `password_resets`
--
ALTER TABLE `password_resets`
  MODIFY `id` int(90) NOT NULL AUTO_INCREMENT;
--
-- AUTO_INCREMENT for table `payment_history`
--
ALTER TABLE `payment_history`
  MODIFY `id` int(90) NOT NULL AUTO_INCREMENT, AUTO_INCREMENT=177;
--
-- AUTO_INCREMENT for table `paypal_setting`
--
ALTER TABLE `paypal_setting`
  MODIFY `id` int(10) NOT NULL AUTO_INCREMENT, AUTO_INCREMENT=2;
--
-- AUTO_INCREMENT for table `set_reminder`
--
ALTER TABLE `set_reminder`
  MODIFY `id` int(10) NOT NULL AUTO_INCREMENT, AUTO_INCREMENT=10;
--
-- AUTO_INCREMENT for table `subscription_plans`
--
ALTER TABLE `subscription_plans`
  MODIFY `plan_id` int(11) NOT NULL AUTO_INCREMENT, AUTO_INCREMENT=4;
--
-- AUTO_INCREMENT for table `test`
--
ALTER TABLE `test`
  MODIFY `id` int(10) NOT NULL AUTO_INCREMENT, AUTO_INCREMENT=30;
--
-- AUTO_INCREMENT for table `upgrade_pv_conversion`
--
ALTER TABLE `upgrade_pv_conversion`
  MODIFY `id` int(10) NOT NULL AUTO_INCREMENT, AUTO_INCREMENT=12;
--
-- AUTO_INCREMENT for table `upload-card`
--
ALTER TABLE `upload-card`
  MODIFY `id` int(10) NOT NULL AUTO_INCREMENT, AUTO_INCREMENT=11;
--
-- AUTO_INCREMENT for table `users`
--
ALTER TABLE `users`
  MODIFY `id` int(10) UNSIGNED NOT NULL AUTO_INCREMENT, AUTO_INCREMENT=177;
--
-- AUTO_INCREMENT for table `user_ratings`
--
ALTER TABLE `user_ratings`
  MODIFY `id` int(11) NOT NULL AUTO_INCREMENT, AUTO_INCREMENT=15;COMMIT;

/*!40101 SET CHARACTER_SET_CLIENT=@OLD_CHARACTER_SET_CLIENT */;
/*!40101 SET CHARACTER_SET_RESULTS=@OLD_CHARACTER_SET_RESULTS */;
/*!40101 SET COLLATION_CONNECTION=@OLD_COLLATION_CONNECTION */;
